Start (s),End (s),Scientific name,Common name,Confidence,File
0.0,3.0,Spizella pusilla,Field Sparrow,0.0671,D:\AcousticMonitoringData\ELDON7_Data\Week25\ELDON7_20250705_055402.wav
12.0,15.0,Spizella pusilla,Field Sparrow,0.0690,D:\AcousticMonitoringData\ELDON7_Data\Week25\ELDON7_20250705_055402.wav
15.0,18.0,Spizella pusilla,Field Sparrow,0.8087,D:\AcousticMonitoringData\ELDON7_Data\Week25\ELDON7_20250705_055402.wav
21.0,24.0,Spizella pusilla,Field Sparrow,0.0789,D:\AcousticMonitoringData\ELDON7_Data\Week25\ELDON7_20250705_055402.wav
24.0,27.0,Geothlypis trichas,Common Yellowthroat,0.0639,D:\AcousticMonitoringData\ELDON7_Data\Week25\ELDON7_20250705_055402.wav
33.0,36.0,Spizella pusilla,Field Sparrow,0.5796,D:\AcousticMonitoringData\ELDON7_Data\Week25\ELDON7_20250705_055402.wav
36.0,39.0,Spizella pusilla,Field Sparrow,0.3493,D:\AcousticMonitoringData\ELDON7_Data\Week25\ELDON7_20250705_055402.wav
45.0,48.0,Spizella pusilla,Field Sparrow,0.1065,D:\AcousticMonitoringData\ELDON7_Data\Week25\ELDON7_20250705_055402.wav
48.0,51.0,Spizella pusilla,Field Sparrow,0.2610,D:\AcousticMonitoringData\ELDON7_Data\Week25\ELDON7_20250705_055402.wav
51.0,54.0,Spizella pusilla,Field Sparrow,0.6572,D:\AcousticMonitoringData\ELDON7_Data\Week25\ELDON7_20250705_055402.wav
60.0,63.0,Spizella pusilla,Field Sparrow,0.0713,D:\AcousticMonitoringData\ELDON7_Data\Week25\ELDON7_20250705_055402.wav
63.0,66.0,Spizella pusilla,Field Sparrow,0.0653,D:\AcousticMonitoringData\ELDON7_Data\Week25\ELDON7_20250705_055402.wav
66.0,69.0,Spizella pusilla,Field Sparrow,0.4488,D:\AcousticMonitoringData\ELDON7_Data\Week25\ELDON7_20250705_055402.wav
72.0,75.0,Spizella pusilla,Field Sparrow,0.1496,D:\AcousticMonitoringData\ELDON7_Data\Week25\ELDON7_20250705_055402.wav
78.0,81.0,Spizella pusilla,Field Sparrow,0.2480,D:\AcousticMonitoringData\ELDON7_Data\Week25\ELDON7_20250705_055402.wav
81.0,84.0,Spizella pusilla,Field Sparrow,0.5644,D:\AcousticMonitoringData\ELDON7_Data\Week25\ELDON7_20250705_055402.wav
87.0,90.0,Spizella pusilla,Field Sparrow,0.0726,D:\AcousticMonitoringData\ELDON7_Data\Week25\ELDON7_20250705_055402.wav
96.0,99.0,Spizella pusilla,Field Sparrow,0.2245,D:\AcousticMonitoringData\ELDON7_Data\Week25\ELDON7_20250705_055402.wav
99.0,102.0,Spizella pusilla,Field Sparrow,0.0778,D:\AcousticMonitoringData\ELDON7_Data\Week25\ELDON7_20250705_055402.wav
105.0,108.0,Spizella pusilla,Field Sparrow,0.1191,D:\AcousticMonitoringData\ELDON7_Data\Week25\ELDON7_20250705_055402.wav
108.0,111.0,Spizella pusilla,Field Sparrow,0.2390,D:\AcousticMonitoringData\ELDON7_Data\Week25\ELDON7_20250705_055402.wav
111.0,114.0,Spizella pusilla,Field Sparrow,0.5544,D:\AcousticMonitoringData\ELDON7_Data\Week25\ELDON7_20250705_055402.wav
114.0,117.0,Spizella pusilla,Field Sparrow,0.0781,D:\AcousticMonitoringData\ELDON7_Data\Week25\ELDON7_20250705_055402.wav
114.0,117.0,Geothlypis trichas,Common Yellowthroat,0.0702,D:\AcousticMonitoringData\ELDON7_Data\Week25\ELDON7_20250705_055402.wav
117.0,120.0,Spizella pusilla,Field Sparrow,0.0742,D:\AcousticMonitoringData\ELDON7_Data\Week25\ELDON7_20250705_055402.wav
120.0,123.0,Spizella pusilla,Field Sparrow,0.1780,D:\AcousticMonitoringData\ELDON7_Data\Week25\ELDON7_20250705_055402.wav
123.0,126.0,Spizella pusilla,Field Sparrow,0.0908,D:\AcousticMonitoringData\ELDON7_Data\Week25\ELDON7_20250705_055402.wav
126.0,129.0,Spizella pusilla,Field Sparrow,0.7215,D:\AcousticMonitoringData\ELDON7_Data\Week25\ELDON7_20250705_055402.wav
129.0,132.0,Spizella pusilla,Field Sparrow,0.1711,D:\AcousticMonitoringData\ELDON7_Data\Week25\ELDON7_20250705_055402.wav
132.0,135.0,Spizella pusilla,Field Sparrow,0.4910,D:\AcousticMonitoringData\ELDON7_Data\Week25\ELDON7_20250705_055402.wav
135.0,138.0,Spizella pusilla,Field Sparrow,0.1838,D:\AcousticMonitoringData\ELDON7_Data\Week25\ELDON7_20250705_055402.wav
144.0,147.0,Spizella pusilla,Field Sparrow,0.2449,D:\AcousticMonitoringData\ELDON7_Data\Week25\ELDON7_20250705_055402.wav
147.0,150.0,Spizella pusilla,Field Sparrow,0.4040,D:\AcousticMonitoringData\ELDON7_Data\Week25\ELDON7_20250705_055402.wav
156.0,159.0,Spizella pusilla,Field Sparrow,0.2289,D:\AcousticMonitoringData\ELDON7_Data\Week25\ELDON7_20250705_055402.wav
159.0,162.0,Spizella pusilla,Field Sparrow,0.5783,D:\AcousticMonitoringData\ELDON7_Data\Week25\ELDON7_20250705_055402.wav
162.0,165.0,Spizella pusilla,Field Sparrow,0.1878,D:\AcousticMonitoringData\ELDON7_Data\Week25\ELDON7_20250705_055402.wav
174.0,177.0,Spizella pusilla,Field Sparrow,0.8467,D:\AcousticMonitoringData\ELDON7_Data\Week25\ELDON7_20250705_055402.wav
177.0,180.0,Spizella pusilla,Field Sparrow,0.0710,D:\AcousticMonitoringData\ELDON7_Data\Week25\ELDON7_20250705_055402.wav
180.0,183.0,Spizella pusilla,Field Sparrow,0.1412,D:\AcousticMonitoringData\ELDON7_Data\Week25\ELDON7_20250705_055402.wav
183.0,186.0,Spizella pusilla,Field Sparrow,0.0990,D:\AcousticMonitoringData\ELDON7_Data\Week25\ELDON7_20250705_055402.wav
189.0,192.0,Spizella pusilla,Field Sparrow,0.2953,D:\AcousticMonitoringData\ELDON7_Data\Week25\ELDON7_20250705_055402.wav
192.0,195.0,Spizella pusilla,Field Sparrow,0.3670,D:\AcousticMonitoringData\ELDON7_Data\Week25\ELDON7_20250705_055402.wav
201.0,204.0,Spizella pusilla,Field Sparrow,0.0587,D:\AcousticMonitoringData\ELDON7_Data\Week25\ELDON7_20250705_055402.wav
207.0,210.0,Spizella pusilla,Field Sparrow,0.7788,D:\AcousticMonitoringData\ELDON7_Data\Week25\ELDON7_20250705_055402.wav
210.0,213.0,Spizella pusilla,Field Sparrow,0.0530,D:\AcousticMonitoringData\ELDON7_Data\Week25\ELDON7_20250705_055402.wav
213.0,216.0,Spizella pusilla,Field Sparrow,0.0659,D:\AcousticMonitoringData\ELDON7_Data\Week25\ELDON7_20250705_055402.wav
219.0,222.0,Spizella pusilla,Field Sparrow,0.7621,D:\AcousticMonitoringData\ELDON7_Data\Week25\ELDON7_20250705_055402.wav
222.0,225.0,Spizella pusilla,Field Sparrow,0.0723,D:\AcousticMonitoringData\ELDON7_Data\Week25\ELDON7_20250705_055402.wav
228.0,231.0,Spizella pusilla,Field Sparrow,0.1478,D:\AcousticMonitoringData\ELDON7_Data\Week25\ELDON7_20250705_055402.wav
234.0,237.0,Spizella pusilla,Field Sparrow,0.1898,D:\AcousticMonitoringData\ELDON7_Data\Week25\ELDON7_20250705_055402.wav
237.0,240.0,Spizella pusilla,Field Sparrow,0.0894,D:\AcousticMonitoringData\ELDON7_Data\Week25\ELDON7_20250705_055402.wav
240.0,243.0,Spizella pusilla,Field Sparrow,0.0906,D:\AcousticMonitoringData\ELDON7_Data\Week25\ELDON7_20250705_055402.wav
243.0,246.0,Spizella pusilla,Field Sparrow,0.0934,D:\AcousticMonitoringData\ELDON7_Data\Week25\ELDON7_20250705_055402.wav
249.0,252.0,Spizella pusilla,Field Sparrow,0.0516,D:\AcousticMonitoringData\ELDON7_Data\Week25\ELDON7_20250705_055402.wav
252.0,255.0,Spizella pusilla,Field Sparrow,0.3210,D:\AcousticMonitoringData\ELDON7_Data\Week25\ELDON7_20250705_055402.wav
261.0,264.0,Spizella pusilla,Field Sparrow,0.0818,D:\AcousticMonitoringData\ELDON7_Data\Week25\ELDON7_20250705_055402.wav
267.0,270.0,Spizella pusilla,Field Sparrow,0.1429,D:\AcousticMonitoringData\ELDON7_Data\Week25\ELDON7_20250705_055402.wav
270.0,273.0,Spizella pusilla,Field Sparrow,0.2648,D:\AcousticMonitoringData\ELDON7_Data\Week25\ELDON7_20250705_055402.wav
276.0,279.0,Spizella pusilla,Field Sparrow,0.2554,D:\AcousticMonitoringData\ELDON7_Data\Week25\ELDON7_20250705_055402.wav
282.0,285.0,Spizella pusilla,Field Sparrow,0.5502,D:\AcousticMonitoringData\ELDON7_Data\Week25\ELDON7_20250705_055402.wav
285.0,288.0,Spizella pusilla,Field Sparrow,0.2260,D:\AcousticMonitoringData\ELDON7_Data\Week25\ELDON7_20250705_055402.wav
291.0,294.0,Spizella pusilla,Field Sparrow,0.2742,D:\AcousticMonitoringData\ELDON7_Data\Week25\ELDON7_20250705_055402.wav
297.0,300.0,Spizella pusilla,Field Sparrow,0.0791,D:\AcousticMonitoringData\ELDON7_Data\Week25\ELDON7_20250705_055402.wav
300.0,303.0,Spizella pusilla,Field Sparrow,0.3780,D:\AcousticMonitoringData\ELDON7_Data\Week25\ELDON7_20250705_055402.wav
306.0,309.0,Spizella pusilla,Field Sparrow,0.0683,D:\AcousticMonitoringData\ELDON7_Data\Week25\ELDON7_20250705_055402.wav
312.0,315.0,Spizella pusilla,Field Sparrow,0.1157,D:\AcousticMonitoringData\ELDON7_Data\Week25\ELDON7_20250705_055402.wav
315.0,318.0,Spizella pusilla,Field Sparrow,0.1549,D:\AcousticMonitoringData\ELDON7_Data\Week25\ELDON7_20250705_055402.wav
321.0,324.0,Spizella pusilla,Field Sparrow,0.1199,D:\AcousticMonitoringData\ELDON7_Data\Week25\ELDON7_20250705_055402.wav
330.0,333.0,Spizella pusilla,Field Sparrow,0.4205,D:\AcousticMonitoringData\ELDON7_Data\Week25\ELDON7_20250705_055402.wav
333.0,336.0,Spizella pusilla,Field Sparrow,0.0673,D:\AcousticMonitoringData\ELDON7_Data\Week25\ELDON7_20250705_055402.wav
336.0,339.0,Spizella pusilla,Field Sparrow,0.2488,D:\AcousticMonitoringData\ELDON7_Data\Week25\ELDON7_20250705_055402.wav
345.0,348.0,Spizella pusilla,Field Sparrow,0.1758,D:\AcousticMonitoringData\ELDON7_Data\Week25\ELDON7_20250705_055402.wav
348.0,351.0,Spizella pusilla,Field Sparrow,0.2476,D:\AcousticMonitoringData\ELDON7_Data\Week25\ELDON7_20250705_055402.wav
363.0,366.0,Spizella pusilla,Field Sparrow,0.3442,D:\AcousticMonitoringData\ELDON7_Data\Week25\ELDON7_20250705_055402.wav
378.0,381.0,Spizella pusilla,Field Sparrow,0.1582,D:\AcousticMonitoringData\ELDON7_Data\Week25\ELDON7_20250705_055402.wav
381.0,384.0,Spizella pusilla,Field Sparrow,0.0669,D:\AcousticMonitoringData\ELDON7_Data\Week25\ELDON7_20250705_055402.wav
393.0,396.0,Spizella pusilla,Field Sparrow,0.3962,D:\AcousticMonitoringData\ELDON7_Data\Week25\ELDON7_20250705_055402.wav
396.0,399.0,Spizella pusilla,Field Sparrow,0.1101,D:\AcousticMonitoringData\ELDON7_Data\Week25\ELDON7_20250705_055402.wav
408.0,411.0,Passerina caerulea,Blue Grosbeak,0.0645,D:\AcousticMonitoringData\ELDON7_Data\Week25\ELDON7_20250705_055402.wav
411.0,414.0,Spizella pusilla,Field Sparrow,0.0667,D:\AcousticMonitoringData\ELDON7_Data\Week25\ELDON7_20250705_055402.wav
414.0,417.0,Spizella pusilla,Field Sparrow,0.6230,D:\AcousticMonitoringData\ELDON7_Data\Week25\ELDON7_20250705_055402.wav
441.0,444.0,Spizella pusilla,Field Sparrow,0.0590,D:\AcousticMonitoringData\ELDON7_Data\Week25\ELDON7_20250705_055402.wav
444.0,447.0,Spizella pusilla,Field Sparrow,0.2638,D:\AcousticMonitoringData\ELDON7_Data\Week25\ELDON7_20250705_055402.wav
447.0,450.0,Spizella pusilla,Field Sparrow,0.1676,D:\AcousticMonitoringData\ELDON7_Data\Week25\ELDON7_20250705_055402.wav
453.0,456.0,Spizella pusilla,Field Sparrow,0.0884,D:\AcousticMonitoringData\ELDON7_Data\Week25\ELDON7_20250705_055402.wav
459.0,462.0,Spizella pusilla,Field Sparrow,0.5851,D:\AcousticMonitoringData\ELDON7_Data\Week25\ELDON7_20250705_055402.wav
462.0,465.0,Geothlypis trichas,Common Yellowthroat,0.1118,D:\AcousticMonitoringData\ELDON7_Data\Week25\ELDON7_20250705_055402.wav
474.0,477.0,Spizella pusilla,Field Sparrow,0.3067,D:\AcousticMonitoringData\ELDON7_Data\Week25\ELDON7_20250705_055402.wav
480.0,483.0,Spizella pusilla,Field Sparrow,0.1282,D:\AcousticMonitoringData\ELDON7_Data\Week25\ELDON7_20250705_055402.wav
483.0,486.0,Spizella pusilla,Field Sparrow,0.0843,D:\AcousticMonitoringData\ELDON7_Data\Week25\ELDON7_20250705_055402.wav
489.0,492.0,Spizella pusilla,Field Sparrow,0.1658,D:\AcousticMonitoringData\ELDON7_Data\Week25\ELDON7_20250705_055402.wav
492.0,495.0,Spizella pusilla,Field Sparrow,0.3753,D:\AcousticMonitoringData\ELDON7_Data\Week25\ELDON7_20250705_055402.wav
492.0,495.0,Geothlypis trichas,Common Yellowthroat,0.0652,D:\AcousticMonitoringData\ELDON7_Data\Week25\ELDON7_20250705_055402.wav
495.0,498.0,Spizella pusilla,Field Sparrow,0.2421,D:\AcousticMonitoringData\ELDON7_Data\Week25\ELDON7_20250705_055402.wav
498.0,501.0,Spizella pusilla,Field Sparrow,0.0528,D:\AcousticMonitoringData\ELDON7_Data\Week25\ELDON7_20250705_055402.wav
507.0,510.0,Spizella pusilla,Field Sparrow,0.4578,D:\AcousticMonitoringData\ELDON7_Data\Week25\ELDON7_20250705_055402.wav
510.0,513.0,Spizella pusilla,Field Sparrow,0.3532,D:\AcousticMonitoringData\ELDON7_Data\Week25\ELDON7_20250705_055402.wav
516.0,519.0,Geothlypis trichas,Common Yellowthroat,0.1456,D:\AcousticMonitoringData\ELDON7_Data\Week25\ELDON7_20250705_055402.wav
519.0,522.0,Spizella pusilla,Field Sparrow,0.0658,D:\AcousticMonitoringData\ELDON7_Data\Week25\ELDON7_20250705_055402.wav
522.0,525.0,Spizella pusilla,Field Sparrow,0.4840,D:\AcousticMonitoringData\ELDON7_Data\Week25\ELDON7_20250705_055402.wav
525.0,528.0,Spizella pusilla,Field Sparrow,0.0942,D:\AcousticMonitoringData\ELDON7_Data\Week25\ELDON7_20250705_055402.wav
528.0,531.0,Geothlypis trichas,Common Yellowthroat,0.0995,D:\AcousticMonitoringData\ELDON7_Data\Week25\ELDON7_20250705_055402.wav
537.0,540.0,Spizella pusilla,Field Sparrow,0.0737,D:\AcousticMonitoringData\ELDON7_Data\Week25\ELDON7_20250705_055402.wav
540.0,543.0,Spizella pusilla,Field Sparrow,0.0775,D:\AcousticMonitoringData\ELDON7_Data\Week25\ELDON7_20250705_055402.wav
552.0,555.0,Spizella pusilla,Field Sparrow,0.3429,D:\AcousticMonitoringData\ELDON7_Data\Week25\ELDON7_20250705_055402.wav
555.0,558.0,Spizella pusilla,Field Sparrow,0.4075,D:\AcousticMonitoringData\ELDON7_Data\Week25\ELDON7_20250705_055402.wav
558.0,561.0,Spizella pusilla,Field Sparrow,0.2269,D:\AcousticMonitoringData\ELDON7_Data\Week25\ELDON7_20250705_055402.wav
561.0,564.0,Spizella pusilla,Field Sparrow,0.0504,D:\AcousticMonitoringData\ELDON7_Data\Week25\ELDON7_20250705_055402.wav
567.0,570.0,Spizella pusilla,Field Sparrow,0.1502,D:\AcousticMonitoringData\ELDON7_Data\Week25\ELDON7_20250705_055402.wav
570.0,573.0,Spizella pusilla,Field Sparrow,0.4705,D:\AcousticMonitoringData\ELDON7_Data\Week25\ELDON7_20250705_055402.wav
579.0,582.0,Spizella pusilla,Field Sparrow,0.5510,D:\AcousticMonitoringData\ELDON7_Data\Week25\ELDON7_20250705_055402.wav
582.0,585.0,Spizella pusilla,Field Sparrow,0.2229,D:\AcousticMonitoringData\ELDON7_Data\Week25\ELDON7_20250705_055402.wav
585.0,588.0,Spizella pusilla,Field Sparrow,0.1533,D:\AcousticMonitoringData\ELDON7_Data\Week25\ELDON7_20250705_055402.wav
588.0,591.0,Spizella pusilla,Field Sparrow,0.3627,D:\AcousticMonitoringData\ELDON7_Data\Week25\ELDON7_20250705_055402.wav
591.0,594.0,Spizella pusilla,Field Sparrow,0.0745,D:\AcousticMonitoringData\ELDON7_Data\Week25\ELDON7_20250705_055402.wav
594.0,597.0,Spizella pusilla,Field Sparrow,0.1772,D:\AcousticMonitoringData\ELDON7_Data\Week25\ELDON7_20250705_055402.wav
600.0,603.0,Spizella pusilla,Field Sparrow,0.0796,D:\AcousticMonitoringData\ELDON7_Data\Week25\ELDON7_20250705_055402.wav
603.0,606.0,Spizella pusilla,Field Sparrow,0.6916,D:\AcousticMonitoringData\ELDON7_Data\Week25\ELDON7_20250705_055402.wav
606.0,609.0,Spizella pusilla,Field Sparrow,0.4679,D:\AcousticMonitoringData\ELDON7_Data\Week25\ELDON7_20250705_055402.wav
609.0,612.0,Spizella pusilla,Field Sparrow,0.1084,D:\AcousticMonitoringData\ELDON7_Data\Week25\ELDON7_20250705_055402.wav
609.0,612.0,Passerina caerulea,Blue Grosbeak,0.0535,D:\AcousticMonitoringData\ELDON7_Data\Week25\ELDON7_20250705_055402.wav
612.0,615.0,Passerina caerulea,Blue Grosbeak,0.0519,D:\AcousticMonitoringData\ELDON7_Data\Week25\ELDON7_20250705_055402.wav
618.0,621.0,Spizella pusilla,Field Sparrow,0.1719,D:\AcousticMonitoringData\ELDON7_Data\Week25\ELDON7_20250705_055402.wav
621.0,624.0,Spizella pusilla,Field Sparrow,0.2157,D:\AcousticMonitoringData\ELDON7_Data\Week25\ELDON7_20250705_055402.wav
624.0,627.0,Spizella pusilla,Field Sparrow,0.1105,D:\AcousticMonitoringData\ELDON7_Data\Week25\ELDON7_20250705_055402.wav
630.0,633.0,Geothlypis trichas,Common Yellowthroat,0.0893,D:\AcousticMonitoringData\ELDON7_Data\Week25\ELDON7_20250705_055402.wav
630.0,633.0,Spizella pusilla,Field Sparrow,0.0665,D:\AcousticMonitoringData\ELDON7_Data\Week25\ELDON7_20250705_055402.wav
633.0,636.0,Spizella pusilla,Field Sparrow,0.3222,D:\AcousticMonitoringData\ELDON7_Data\Week25\ELDON7_20250705_055402.wav
642.0,645.0,Geothlypis trichas,Common Yellowthroat,0.1946,D:\AcousticMonitoringData\ELDON7_Data\Week25\ELDON7_20250705_055402.wav
648.0,651.0,Spizella pusilla,Field Sparrow,0.6753,D:\AcousticMonitoringData\ELDON7_Data\Week25\ELDON7_20250705_055402.wav
663.0,666.0,Spizella pusilla,Field Sparrow,0.0694,D:\AcousticMonitoringData\ELDON7_Data\Week25\ELDON7_20250705_055402.wav
666.0,669.0,Geothlypis trichas,Common Yellowthroat,0.1779,D:\AcousticMonitoringData\ELDON7_Data\Week25\ELDON7_20250705_055402.wav
678.0,681.0,Spizella pusilla,Field Sparrow,0.8605,D:\AcousticMonitoringData\ELDON7_Data\Week25\ELDON7_20250705_055402.wav
693.0,696.0,Spizella pusilla,Field Sparrow,0.4495,D:\AcousticMonitoringData\ELDON7_Data\Week25\ELDON7_20250705_055402.wav
708.0,711.0,Spizella pusilla,Field Sparrow,0.4378,D:\AcousticMonitoringData\ELDON7_Data\Week25\ELDON7_20250705_055402.wav
723.0,726.0,Spizella pusilla,Field Sparrow,0.1402,D:\AcousticMonitoringData\ELDON7_Data\Week25\ELDON7_20250705_055402.wav
756.0,759.0,Spizella pusilla,Field Sparrow,0.7448,D:\AcousticMonitoringData\ELDON7_Data\Week25\ELDON7_20250705_055402.wav
768.0,771.0,Geothlypis trichas,Common Yellowthroat,0.0889,D:\AcousticMonitoringData\ELDON7_Data\Week25\ELDON7_20250705_055402.wav
777.0,780.0,Passerina caerulea,Blue Grosbeak,0.0724,D:\AcousticMonitoringData\ELDON7_Data\Week25\ELDON7_20250705_055402.wav
789.0,792.0,Spizella pusilla,Field Sparrow,0.1401,D:\AcousticMonitoringData\ELDON7_Data\Week25\ELDON7_20250705_055402.wav
801.0,804.0,Spizella pusilla,Field Sparrow,0.2662,D:\AcousticMonitoringData\ELDON7_Data\Week25\ELDON7_20250705_055402.wav
804.0,807.0,Spizella pusilla,Field Sparrow,0.7538,D:\AcousticMonitoringData\ELDON7_Data\Week25\ELDON7_20250705_055402.wav
807.0,810.0,Spizella pusilla,Field Sparrow,0.2733,D:\AcousticMonitoringData\ELDON7_Data\Week25\ELDON7_20250705_055402.wav
822.0,825.0,Spizella pusilla,Field Sparrow,0.1337,D:\AcousticMonitoringData\ELDON7_Data\Week25\ELDON7_20250705_055402.wav
825.0,828.0,Spizella pusilla,Field Sparrow,0.3141,D:\AcousticMonitoringData\ELDON7_Data\Week25\ELDON7_20250705_055402.wav
834.0,837.0,Spizella pusilla,Field Sparrow,0.0995,D:\AcousticMonitoringData\ELDON7_Data\Week25\ELDON7_20250705_055402.wav
837.0,840.0,Spizella pusilla,Field Sparrow,0.3009,D:\AcousticMonitoringData\ELDON7_Data\Week25\ELDON7_20250705_055402.wav
840.0,843.0,Passerina caerulea,Blue Grosbeak,0.0683,D:\AcousticMonitoringData\ELDON7_Data\Week25\ELDON7_20250705_055402.wav
840.0,843.0,Spizella pusilla,Field Sparrow,0.0606,D:\AcousticMonitoringData\ELDON7_Data\Week25\ELDON7_20250705_055402.wav
855.0,858.0,Spizella pusilla,Field Sparrow,0.1213,D:\AcousticMonitoringData\ELDON7_Data\Week25\ELDON7_20250705_055402.wav
864.0,867.0,Geothlypis trichas,Common Yellowthroat,0.0875,D:\AcousticMonitoringData\ELDON7_Data\Week25\ELDON7_20250705_055402.wav
867.0,870.0,Passerina caerulea,Blue Grosbeak,0.0521,D:\AcousticMonitoringData\ELDON7_Data\Week25\ELDON7_20250705_055402.wav
885.0,888.0,Spizella pusilla,Field Sparrow,0.1480,D:\AcousticMonitoringData\ELDON7_Data\Week25\ELDON7_20250705_055402.wav
927.0,930.0,Spizella pusilla,Field Sparrow,0.1040,D:\AcousticMonitoringData\ELDON7_Data\Week25\ELDON7_20250705_055402.wav
939.0,942.0,Spizella pusilla,Field Sparrow,0.1029,D:\AcousticMonitoringData\ELDON7_Data\Week25\ELDON7_20250705_055402.wav
942.0,945.0,Spizella pusilla,Field Sparrow,0.1158,D:\AcousticMonitoringData\ELDON7_Data\Week25\ELDON7_20250705_055402.wav
951.0,954.0,Spizella pusilla,Field Sparrow,0.0661,D:\AcousticMonitoringData\ELDON7_Data\Week25\ELDON7_20250705_055402.wav
954.0,957.0,Geothlypis trichas,Common Yellowthroat,0.0622,D:\AcousticMonitoringData\ELDON7_Data\Week25\ELDON7_20250705_055402.wav
963.0,966.0,Spizella pusilla,Field Sparrow,0.1567,D:\AcousticMonitoringData\ELDON7_Data\Week25\ELDON7_20250705_055402.wav
966.0,969.0,Spizella pusilla,Field Sparrow,0.1438,D:\AcousticMonitoringData\ELDON7_Data\Week25\ELDON7_20250705_055402.wav
981.0,984.0,Spizella pusilla,Field Sparrow,0.1258,D:\AcousticMonitoringData\ELDON7_Data\Week25\ELDON7_20250705_055402.wav
990.0,993.0,Spizella pusilla,Field Sparrow,0.1683,D:\AcousticMonitoringData\ELDON7_Data\Week25\ELDON7_20250705_055402.wav
1014.0,1017.0,Spizella pusilla,Field Sparrow,0.2555,D:\AcousticMonitoringData\ELDON7_Data\Week25\ELDON7_20250705_055402.wav
1026.0,1029.0,Spizella pusilla,Field Sparrow,0.8861,D:\AcousticMonitoringData\ELDON7_Data\Week25\ELDON7_20250705_055402.wav
1035.0,1038.0,Spizella pusilla,Field Sparrow,0.4816,D:\AcousticMonitoringData\ELDON7_Data\Week25\ELDON7_20250705_055402.wav
1038.0,1041.0,Spizella pusilla,Field Sparrow,0.0630,D:\AcousticMonitoringData\ELDON7_Data\Week25\ELDON7_20250705_055402.wav
1041.0,1044.0,Spizella pusilla,Field Sparrow,0.0618,D:\AcousticMonitoringData\ELDON7_Data\Week25\ELDON7_20250705_055402.wav
1047.0,1050.0,Geothlypis trichas,Common Yellowthroat,0.0847,D:\AcousticMonitoringData\ELDON7_Data\Week25\ELDON7_20250705_055402.wav
1050.0,1053.0,Geothlypis trichas,Common Yellowthroat,0.1210,D:\AcousticMonitoringData\ELDON7_Data\Week25\ELDON7_20250705_055402.wav
1053.0,1056.0,Spizella pusilla,Field Sparrow,0.0767,D:\AcousticMonitoringData\ELDON7_Data\Week25\ELDON7_20250705_055402.wav
1053.0,1056.0,Geothlypis trichas,Common Yellowthroat,0.0606,D:\AcousticMonitoringData\ELDON7_Data\Week25\ELDON7_20250705_055402.wav
1056.0,1059.0,Spizella pusilla,Field Sparrow,0.2896,D:\AcousticMonitoringData\ELDON7_Data\Week25\ELDON7_20250705_055402.wav
1059.0,1062.0,Spizella pusilla,Field Sparrow,0.0926,D:\AcousticMonitoringData\ELDON7_Data\Week25\ELDON7_20250705_055402.wav
1065.0,1068.0,Geothlypis trichas,Common Yellowthroat,0.0534,D:\AcousticMonitoringData\ELDON7_Data\Week25\ELDON7_20250705_055402.wav
1071.0,1074.0,Spizella pusilla,Field Sparrow,0.1782,D:\AcousticMonitoringData\ELDON7_Data\Week25\ELDON7_20250705_055402.wav
1080.0,1083.0,Spizella pusilla,Field Sparrow,0.0816,D:\AcousticMonitoringData\ELDON7_Data\Week25\ELDON7_20250705_055402.wav
1083.0,1086.0,Spizella pusilla,Field Sparrow,0.4484,D:\AcousticMonitoringData\ELDON7_Data\Week25\ELDON7_20250705_055402.wav
1086.0,1089.0,Spizella pusilla,Field Sparrow,0.1297,D:\AcousticMonitoringData\ELDON7_Data\Week25\ELDON7_20250705_055402.wav
1092.0,1095.0,Geothlypis trichas,Common Yellowthroat,0.0592,D:\AcousticMonitoringData\ELDON7_Data\Week25\ELDON7_20250705_055402.wav
1098.0,1101.0,Spizella pusilla,Field Sparrow,0.2630,D:\AcousticMonitoringData\ELDON7_Data\Week25\ELDON7_20250705_055402.wav
1101.0,1104.0,Spizella pusilla,Field Sparrow,0.3435,D:\AcousticMonitoringData\ELDON7_Data\Week25\ELDON7_20250705_055402.wav
1104.0,1107.0,Geothlypis trichas,Common Yellowthroat,0.2367,D:\AcousticMonitoringData\ELDON7_Data\Week25\ELDON7_20250705_055402.wav
1107.0,1110.0,Geothlypis trichas,Common Yellowthroat,0.0573,D:\AcousticMonitoringData\ELDON7_Data\Week25\ELDON7_20250705_055402.wav
1113.0,1116.0,Spizella pusilla,Field Sparrow,0.2542,D:\AcousticMonitoringData\ELDON7_Data\Week25\ELDON7_20250705_055402.wav
1116.0,1119.0,Spizella pusilla,Field Sparrow,0.2561,D:\AcousticMonitoringData\ELDON7_Data\Week25\ELDON7_20250705_055402.wav
1119.0,1122.0,Spizella pusilla,Field Sparrow,0.2167,D:\AcousticMonitoringData\ELDON7_Data\Week25\ELDON7_20250705_055402.wav
1122.0,1125.0,Spizella pusilla,Field Sparrow,0.5296,D:\AcousticMonitoringData\ELDON7_Data\Week25\ELDON7_20250705_055402.wav
1125.0,1128.0,Geothlypis trichas,Common Yellowthroat,0.1235,D:\AcousticMonitoringData\ELDON7_Data\Week25\ELDON7_20250705_055402.wav
1134.0,1137.0,Spizella pusilla,Field Sparrow,0.4347,D:\AcousticMonitoringData\ELDON7_Data\Week25\ELDON7_20250705_055402.wav
1137.0,1140.0,Spizella pusilla,Field Sparrow,0.7635,D:\AcousticMonitoringData\ELDON7_Data\Week25\ELDON7_20250705_055402.wav
1146.0,1149.0,Spizella pusilla,Field Sparrow,0.1233,D:\AcousticMonitoringData\ELDON7_Data\Week25\ELDON7_20250705_055402.wav
1152.0,1155.0,Spizella pusilla,Field Sparrow,0.4465,D:\AcousticMonitoringData\ELDON7_Data\Week25\ELDON7_20250705_055402.wav
1161.0,1164.0,Spizella pusilla,Field Sparrow,0.4474,D:\AcousticMonitoringData\ELDON7_Data\Week25\ELDON7_20250705_055402.wav
1173.0,1176.0,Spizella pusilla,Field Sparrow,0.3805,D:\AcousticMonitoringData\ELDON7_Data\Week25\ELDON7_20250705_055402.wav
1176.0,1179.0,Spizella pusilla,Field Sparrow,0.1851,D:\AcousticMonitoringData\ELDON7_Data\Week25\ELDON7_20250705_055402.wav
1179.0,1182.0,Spizella pusilla,Field Sparrow,0.1652,D:\AcousticMonitoringData\ELDON7_Data\Week25\ELDON7_20250705_055402.wav
1191.0,1194.0,Spizella pusilla,Field Sparrow,0.1359,D:\AcousticMonitoringData\ELDON7_Data\Week25\ELDON7_20250705_055402.wav
1194.0,1197.0,Spizella pusilla,Field Sparrow,0.0691,D:\AcousticMonitoringData\ELDON7_Data\Week25\ELDON7_20250705_055402.wav
1197.0,1200.0,Geothlypis trichas,Common Yellowthroat,0.0543,D:\AcousticMonitoringData\ELDON7_Data\Week25\ELDON7_20250705_055402.wav
1203.0,1206.0,Spizella pusilla,Field Sparrow,0.1953,D:\AcousticMonitoringData\ELDON7_Data\Week25\ELDON7_20250705_055402.wav
1206.0,1209.0,Spizella pusilla,Field Sparrow,0.6352,D:\AcousticMonitoringData\ELDON7_Data\Week25\ELDON7_20250705_055402.wav
1209.0,1212.0,Spizella pusilla,Field Sparrow,0.6620,D:\AcousticMonitoringData\ELDON7_Data\Week25\ELDON7_20250705_055402.wav
1221.0,1224.0,Spizella pusilla,Field Sparrow,0.4611,D:\AcousticMonitoringData\ELDON7_Data\Week25\ELDON7_20250705_055402.wav
1224.0,1227.0,Spizella pusilla,Field Sparrow,0.2808,D:\AcousticMonitoringData\ELDON7_Data\Week25\ELDON7_20250705_055402.wav
1233.0,1236.0,Spizella pusilla,Field Sparrow,0.1481,D:\AcousticMonitoringData\ELDON7_Data\Week25\ELDON7_20250705_055402.wav
1236.0,1239.0,Spizella pusilla,Field Sparrow,0.5448,D:\AcousticMonitoringData\ELDON7_Data\Week25\ELDON7_20250705_055402.wav
1239.0,1242.0,Spizella pusilla,Field Sparrow,0.5192,D:\AcousticMonitoringData\ELDON7_Data\Week25\ELDON7_20250705_055402.wav
1242.0,1245.0,Geothlypis trichas,Common Yellowthroat,0.0619,D:\AcousticMonitoringData\ELDON7_Data\Week25\ELDON7_20250705_055402.wav
1242.0,1245.0,Spizella pusilla,Field Sparrow,0.0542,D:\AcousticMonitoringData\ELDON7_Data\Week25\ELDON7_20250705_055402.wav
1251.0,1254.0,Spizella pusilla,Field Sparrow,0.1722,D:\AcousticMonitoringData\ELDON7_Data\Week25\ELDON7_20250705_055402.wav
1254.0,1257.0,Spizella pusilla,Field Sparrow,0.5472,D:\AcousticMonitoringData\ELDON7_Data\Week25\ELDON7_20250705_055402.wav
1257.0,1260.0,Spizella pusilla,Field Sparrow,0.1912,D:\AcousticMonitoringData\ELDON7_Data\Week25\ELDON7_20250705_055402.wav
1266.0,1269.0,Spizella pusilla,Field Sparrow,0.9158,D:\AcousticMonitoringData\ELDON7_Data\Week25\ELDON7_20250705_055402.wav
1269.0,1272.0,Spizella pusilla,Field Sparrow,0.2244,D:\AcousticMonitoringData\ELDON7_Data\Week25\ELDON7_20250705_055402.wav
1269.0,1272.0,Sturnella magna,Eastern Meadowlark,0.0709,D:\AcousticMonitoringData\ELDON7_Data\Week25\ELDON7_20250705_055402.wav
1281.0,1284.0,Spizella pusilla,Field Sparrow,0.5311,D:\AcousticMonitoringData\ELDON7_Data\Week25\ELDON7_20250705_055402.wav
1287.0,1290.0,Spizella pusilla,Field Sparrow,0.1142,D:\AcousticMonitoringData\ELDON7_Data\Week25\ELDON7_20250705_055402.wav
1293.0,1296.0,Spizella pusilla,Field Sparrow,0.0772,D:\AcousticMonitoringData\ELDON7_Data\Week25\ELDON7_20250705_055402.wav
1296.0,1299.0,Spizella pusilla,Field Sparrow,0.4353,D:\AcousticMonitoringData\ELDON7_Data\Week25\ELDON7_20250705_055402.wav
1308.0,1311.0,Spizella pusilla,Field Sparrow,0.4506,D:\AcousticMonitoringData\ELDON7_Data\Week25\ELDON7_20250705_055402.wav
1311.0,1314.0,Spizella pusilla,Field Sparrow,0.1386,D:\AcousticMonitoringData\ELDON7_Data\Week25\ELDON7_20250705_055402.wav
1314.0,1317.0,Spizella pusilla,Field Sparrow,0.0610,D:\AcousticMonitoringData\ELDON7_Data\Week25\ELDON7_20250705_055402.wav
1326.0,1329.0,Spizella pusilla,Field Sparrow,0.4626,D:\AcousticMonitoringData\ELDON7_Data\Week25\ELDON7_20250705_055402.wav
1329.0,1332.0,Spizella pusilla,Field Sparrow,0.6187,D:\AcousticMonitoringData\ELDON7_Data\Week25\ELDON7_20250705_055402.wav
1338.0,1341.0,Spizella pusilla,Field Sparrow,0.2184,D:\AcousticMonitoringData\ELDON7_Data\Week25\ELDON7_20250705_055402.wav
1341.0,1344.0,Spizella pusilla,Field Sparrow,0.7958,D:\AcousticMonitoringData\ELDON7_Data\Week25\ELDON7_20250705_055402.wav
1347.0,1350.0,Spizella pusilla,Field Sparrow,0.0533,D:\AcousticMonitoringData\ELDON7_Data\Week25\ELDON7_20250705_055402.wav
1353.0,1356.0,Spizella pusilla,Field Sparrow,0.0852,D:\AcousticMonitoringData\ELDON7_Data\Week25\ELDON7_20250705_055402.wav
1356.0,1359.0,Spizella pusilla,Field Sparrow,0.4031,D:\AcousticMonitoringData\ELDON7_Data\Week25\ELDON7_20250705_055402.wav
1359.0,1362.0,Spizella pusilla,Field Sparrow,0.5707,D:\AcousticMonitoringData\ELDON7_Data\Week25\ELDON7_20250705_055402.wav
1368.0,1371.0,Spizella pusilla,Field Sparrow,0.5483,D:\AcousticMonitoringData\ELDON7_Data\Week25\ELDON7_20250705_055402.wav
1371.0,1374.0,Spizella pusilla,Field Sparrow,0.7696,D:\AcousticMonitoringData\ELDON7_Data\Week25\ELDON7_20250705_055402.wav
1374.0,1377.0,Spizella pusilla,Field Sparrow,0.3339,D:\AcousticMonitoringData\ELDON7_Data\Week25\ELDON7_20250705_055402.wav
1383.0,1386.0,Spizella pusilla,Field Sparrow,0.9033,D:\AcousticMonitoringData\ELDON7_Data\Week25\ELDON7_20250705_055402.wav
1389.0,1392.0,Spizella pusilla,Field Sparrow,0.2901,D:\AcousticMonitoringData\ELDON7_Data\Week25\ELDON7_20250705_055402.wav
1392.0,1395.0,Spizella pusilla,Field Sparrow,0.9219,D:\AcousticMonitoringData\ELDON7_Data\Week25\ELDON7_20250705_055402.wav
1395.0,1398.0,Spizella pusilla,Field Sparrow,0.2237,D:\AcousticMonitoringData\ELDON7_Data\Week25\ELDON7_20250705_055402.wav
1398.0,1401.0,Spizella pusilla,Field Sparrow,0.2398,D:\AcousticMonitoringData\ELDON7_Data\Week25\ELDON7_20250705_055402.wav
1404.0,1407.0,Spizella pusilla,Field Sparrow,0.1546,D:\AcousticMonitoringData\ELDON7_Data\Week25\ELDON7_20250705_055402.wav
1404.0,1407.0,Geothlypis trichas,Common Yellowthroat,0.0934,D:\AcousticMonitoringData\ELDON7_Data\Week25\ELDON7_20250705_055402.wav
1407.0,1410.0,Spizella pusilla,Field Sparrow,0.2778,D:\AcousticMonitoringData\ELDON7_Data\Week25\ELDON7_20250705_055402.wav
1410.0,1413.0,Spizella pusilla,Field Sparrow,0.4722,D:\AcousticMonitoringData\ELDON7_Data\Week25\ELDON7_20250705_055402.wav
1413.0,1416.0,Spizella pusilla,Field Sparrow,0.1926,D:\AcousticMonitoringData\ELDON7_Data\Week25\ELDON7_20250705_055402.wav
1416.0,1419.0,Spizella pusilla,Field Sparrow,0.1026,D:\AcousticMonitoringData\ELDON7_Data\Week25\ELDON7_20250705_055402.wav
1422.0,1425.0,Spizella pusilla,Field Sparrow,0.3917,D:\AcousticMonitoringData\ELDON7_Data\Week25\ELDON7_20250705_055402.wav
1428.0,1431.0,Spizella pusilla,Field Sparrow,0.7800,D:\AcousticMonitoringData\ELDON7_Data\Week25\ELDON7_20250705_055402.wav
1437.0,1440.0,Spizella pusilla,Field Sparrow,0.0832,D:\AcousticMonitoringData\ELDON7_Data\Week25\ELDON7_20250705_055402.wav
1440.0,1443.0,Spizella pusilla,Field Sparrow,0.1711,D:\AcousticMonitoringData\ELDON7_Data\Week25\ELDON7_20250705_055402.wav
1443.0,1446.0,Spizella pusilla,Field Sparrow,0.4639,D:\AcousticMonitoringData\ELDON7_Data\Week25\ELDON7_20250705_055402.wav
1449.0,1452.0,Spizella pusilla,Field Sparrow,0.1078,D:\AcousticMonitoringData\ELDON7_Data\Week25\ELDON7_20250705_055402.wav
1452.0,1455.0,Spizella pusilla,Field Sparrow,0.1660,D:\AcousticMonitoringData\ELDON7_Data\Week25\ELDON7_20250705_055402.wav
1458.0,1461.0,Spizella pusilla,Field Sparrow,0.4324,D:\AcousticMonitoringData\ELDON7_Data\Week25\ELDON7_20250705_055402.wav
1464.0,1467.0,Spizella pusilla,Field Sparrow,0.2760,D:\AcousticMonitoringData\ELDON7_Data\Week25\ELDON7_20250705_055402.wav
1467.0,1470.0,Spizella pusilla,Field Sparrow,0.2501,D:\AcousticMonitoringData\ELDON7_Data\Week25\ELDON7_20250705_055402.wav
1473.0,1476.0,Spizella pusilla,Field Sparrow,0.3264,D:\AcousticMonitoringData\ELDON7_Data\Week25\ELDON7_20250705_055402.wav
1476.0,1479.0,Sturnella magna,Eastern Meadowlark,0.2109,D:\AcousticMonitoringData\ELDON7_Data\Week25\ELDON7_20250705_055402.wav
1476.0,1479.0,Spizella pusilla,Field Sparrow,0.0623,D:\AcousticMonitoringData\ELDON7_Data\Week25\ELDON7_20250705_055402.wav
1488.0,1491.0,Spizella pusilla,Field Sparrow,0.3441,D:\AcousticMonitoringData\ELDON7_Data\Week25\ELDON7_20250705_055402.wav
1491.0,1494.0,Spizella pusilla,Field Sparrow,0.4201,D:\AcousticMonitoringData\ELDON7_Data\Week25\ELDON7_20250705_055402.wav
1494.0,1497.0,Spizella pusilla,Field Sparrow,0.1254,D:\AcousticMonitoringData\ELDON7_Data\Week25\ELDON7_20250705_055402.wav
1494.0,1497.0,Passerina caerulea,Blue Grosbeak,0.0540,D:\AcousticMonitoringData\ELDON7_Data\Week25\ELDON7_20250705_055402.wav
1497.0,1500.0,Sturnella magna,Eastern Meadowlark,0.0716,D:\AcousticMonitoringData\ELDON7_Data\Week25\ELDON7_20250705_055402.wav
1500.0,1503.0,Spizella pusilla,Field Sparrow,0.1423,D:\AcousticMonitoringData\ELDON7_Data\Week25\ELDON7_20250705_055402.wav
1509.0,1512.0,Spizella pusilla,Field Sparrow,0.3904,D:\AcousticMonitoringData\ELDON7_Data\Week25\ELDON7_20250705_055402.wav
1512.0,1515.0,Spizella pusilla,Field Sparrow,0.2036,D:\AcousticMonitoringData\ELDON7_Data\Week25\ELDON7_20250705_055402.wav
1512.0,1515.0,Geothlypis trichas,Common Yellowthroat,0.0866,D:\AcousticMonitoringData\ELDON7_Data\Week25\ELDON7_20250705_055402.wav
1515.0,1518.0,Spizella pusilla,Field Sparrow,0.1684,D:\AcousticMonitoringData\ELDON7_Data\Week25\ELDON7_20250705_055402.wav
1518.0,1521.0,Spizella pusilla,Field Sparrow,0.2839,D:\AcousticMonitoringData\ELDON7_Data\Week25\ELDON7_20250705_055402.wav
1521.0,1524.0,Spizella pusilla,Field Sparrow,0.0926,D:\AcousticMonitoringData\ELDON7_Data\Week25\ELDON7_20250705_055402.wav
1524.0,1527.0,Spizella pusilla,Field Sparrow,0.1465,D:\AcousticMonitoringData\ELDON7_Data\Week25\ELDON7_20250705_055402.wav
1527.0,1530.0,Spizella pusilla,Field Sparrow,0.0517,D:\AcousticMonitoringData\ELDON7_Data\Week25\ELDON7_20250705_055402.wav
1533.0,1536.0,Spizella pusilla,Field Sparrow,0.6095,D:\AcousticMonitoringData\ELDON7_Data\Week25\ELDON7_20250705_055402.wav
1545.0,1548.0,Spizella pusilla,Field Sparrow,0.1878,D:\AcousticMonitoringData\ELDON7_Data\Week25\ELDON7_20250705_055402.wav
1548.0,1551.0,Spizella pusilla,Field Sparrow,0.6740,D:\AcousticMonitoringData\ELDON7_Data\Week25\ELDON7_20250705_055402.wav
1551.0,1554.0,Spizella pusilla,Field Sparrow,0.2043,D:\AcousticMonitoringData\ELDON7_Data\Week25\ELDON7_20250705_055402.wav
1563.0,1566.0,Spizella pusilla,Field Sparrow,0.1409,D:\AcousticMonitoringData\ELDON7_Data\Week25\ELDON7_20250705_055402.wav
1566.0,1569.0,Spizella pusilla,Field Sparrow,0.3982,D:\AcousticMonitoringData\ELDON7_Data\Week25\ELDON7_20250705_055402.wav
1569.0,1572.0,Spizella pusilla,Field Sparrow,0.3146,D:\AcousticMonitoringData\ELDON7_Data\Week25\ELDON7_20250705_055402.wav
1578.0,1581.0,Spizella pusilla,Field Sparrow,0.2671,D:\AcousticMonitoringData\ELDON7_Data\Week25\ELDON7_20250705_055402.wav
1578.0,1581.0,Geothlypis trichas,Common Yellowthroat,0.0538,D:\AcousticMonitoringData\ELDON7_Data\Week25\ELDON7_20250705_055402.wav
1581.0,1584.0,Spizella pusilla,Field Sparrow,0.3616,D:\AcousticMonitoringData\ELDON7_Data\Week25\ELDON7_20250705_055402.wav
1584.0,1587.0,Spizella pusilla,Field Sparrow,0.1094,D:\AcousticMonitoringData\ELDON7_Data\Week25\ELDON7_20250705_055402.wav
1587.0,1590.0,Spizella pusilla,Field Sparrow,0.1055,D:\AcousticMonitoringData\ELDON7_Data\Week25\ELDON7_20250705_055402.wav
1590.0,1593.0,Spizella pusilla,Field Sparrow,0.0943,D:\AcousticMonitoringData\ELDON7_Data\Week25\ELDON7_20250705_055402.wav
1596.0,1599.0,Spizella pusilla,Field Sparrow,0.4744,D:\AcousticMonitoringData\ELDON7_Data\Week25\ELDON7_20250705_055402.wav
1599.0,1602.0,Spizella pusilla,Field Sparrow,0.1253,D:\AcousticMonitoringData\ELDON7_Data\Week25\ELDON7_20250705_055402.wav
1602.0,1605.0,Spizella pusilla,Field Sparrow,0.0669,D:\AcousticMonitoringData\ELDON7_Data\Week25\ELDON7_20250705_055402.wav
1605.0,1608.0,Spizella pusilla,Field Sparrow,0.3510,D:\AcousticMonitoringData\ELDON7_Data\Week25\ELDON7_20250705_055402.wav
1608.0,1611.0,Spizella pusilla,Field Sparrow,0.2096,D:\AcousticMonitoringData\ELDON7_Data\Week25\ELDON7_20250705_055402.wav
1611.0,1614.0,Spizella pusilla,Field Sparrow,0.5317,D:\AcousticMonitoringData\ELDON7_Data\Week25\ELDON7_20250705_055402.wav
1611.0,1614.0,Geothlypis trichas,Common Yellowthroat,0.0988,D:\AcousticMonitoringData\ELDON7_Data\Week25\ELDON7_20250705_055402.wav
1617.0,1620.0,Spizella pusilla,Field Sparrow,0.0513,D:\AcousticMonitoringData\ELDON7_Data\Week25\ELDON7_20250705_055402.wav
1620.0,1623.0,Spizella pusilla,Field Sparrow,0.2874,D:\AcousticMonitoringData\ELDON7_Data\Week25\ELDON7_20250705_055402.wav
1626.0,1629.0,Spizella pusilla,Field Sparrow,0.2020,D:\AcousticMonitoringData\ELDON7_Data\Week25\ELDON7_20250705_055402.wav
1629.0,1632.0,Spizella pusilla,Field Sparrow,0.2630,D:\AcousticMonitoringData\ELDON7_Data\Week25\ELDON7_20250705_055402.wav
1632.0,1635.0,Spizella pusilla,Field Sparrow,0.0852,D:\AcousticMonitoringData\ELDON7_Data\Week25\ELDON7_20250705_055402.wav
1635.0,1638.0,Spizella pusilla,Field Sparrow,0.3124,D:\AcousticMonitoringData\ELDON7_Data\Week25\ELDON7_20250705_055402.wav
1638.0,1641.0,Spizella pusilla,Field Sparrow,0.1349,D:\AcousticMonitoringData\ELDON7_Data\Week25\ELDON7_20250705_055402.wav
1641.0,1644.0,Spizella pusilla,Field Sparrow,0.0694,D:\AcousticMonitoringData\ELDON7_Data\Week25\ELDON7_20250705_055402.wav
1644.0,1647.0,Spizella pusilla,Field Sparrow,0.1515,D:\AcousticMonitoringData\ELDON7_Data\Week25\ELDON7_20250705_055402.wav
1647.0,1650.0,Spizella pusilla,Field Sparrow,0.1543,D:\AcousticMonitoringData\ELDON7_Data\Week25\ELDON7_20250705_055402.wav
1650.0,1653.0,Spizella pusilla,Field Sparrow,0.0825,D:\AcousticMonitoringData\ELDON7_Data\Week25\ELDON7_20250705_055402.wav
1659.0,1662.0,Spizella pusilla,Field Sparrow,0.4043,D:\AcousticMonitoringData\ELDON7_Data\Week25\ELDON7_20250705_055402.wav
1662.0,1665.0,Spizella pusilla,Field Sparrow,0.5243,D:\AcousticMonitoringData\ELDON7_Data\Week25\ELDON7_20250705_055402.wav
1665.0,1668.0,Spizella pusilla,Field Sparrow,0.4216,D:\AcousticMonitoringData\ELDON7_Data\Week25\ELDON7_20250705_055402.wav
1677.0,1680.0,Spizella pusilla,Field Sparrow,0.8766,D:\AcousticMonitoringData\ELDON7_Data\Week25\ELDON7_20250705_055402.wav
1686.0,1689.0,Spizella pusilla,Field Sparrow,0.1568,D:\AcousticMonitoringData\ELDON7_Data\Week25\ELDON7_20250705_055402.wav
1689.0,1692.0,Spizella pusilla,Field Sparrow,0.0903,D:\AcousticMonitoringData\ELDON7_Data\Week25\ELDON7_20250705_055402.wav
1695.0,1698.0,Spizella pusilla,Field Sparrow,0.2417,D:\AcousticMonitoringData\ELDON7_Data\Week25\ELDON7_20250705_055402.wav
1701.0,1704.0,Spizella pusilla,Field Sparrow,0.0999,D:\AcousticMonitoringData\ELDON7_Data\Week25\ELDON7_20250705_055402.wav
1707.0,1710.0,Spizella pusilla,Field Sparrow,0.5566,D:\AcousticMonitoringData\ELDON7_Data\Week25\ELDON7_20250705_055402.wav
1710.0,1713.0,Spizella pusilla,Field Sparrow,0.2664,D:\AcousticMonitoringData\ELDON7_Data\Week25\ELDON7_20250705_055402.wav
1713.0,1716.0,Spizella pusilla,Field Sparrow,0.0823,D:\AcousticMonitoringData\ELDON7_Data\Week25\ELDON7_20250705_055402.wav
1725.0,1728.0,Spizella pusilla,Field Sparrow,0.4378,D:\AcousticMonitoringData\ELDON7_Data\Week25\ELDON7_20250705_055402.wav
1728.0,1731.0,Spizella pusilla,Field Sparrow,0.1114,D:\AcousticMonitoringData\ELDON7_Data\Week25\ELDON7_20250705_055402.wav
1731.0,1734.0,Spizella pusilla,Field Sparrow,0.5805,D:\AcousticMonitoringData\ELDON7_Data\Week25\ELDON7_20250705_055402.wav
1734.0,1737.0,Spizella pusilla,Field Sparrow,0.0987,D:\AcousticMonitoringData\ELDON7_Data\Week25\ELDON7_20250705_055402.wav
1737.0,1740.0,Spizella pusilla,Field Sparrow,0.1922,D:\AcousticMonitoringData\ELDON7_Data\Week25\ELDON7_20250705_055402.wav
1740.0,1743.0,Spizella pusilla,Field Sparrow,0.4450,D:\AcousticMonitoringData\ELDON7_Data\Week25\ELDON7_20250705_055402.wav
1740.0,1743.0,Sturnella magna,Eastern Meadowlark,0.0577,D:\AcousticMonitoringData\ELDON7_Data\Week25\ELDON7_20250705_055402.wav
1743.0,1746.0,Spizella pusilla,Field Sparrow,0.4224,D:\AcousticMonitoringData\ELDON7_Data\Week25\ELDON7_20250705_055402.wav
1746.0,1749.0,Spizella pusilla,Field Sparrow,0.1494,D:\AcousticMonitoringData\ELDON7_Data\Week25\ELDON7_20250705_055402.wav
1749.0,1752.0,Spizella pusilla,Field Sparrow,0.2093,D:\AcousticMonitoringData\ELDON7_Data\Week25\ELDON7_20250705_055402.wav
1758.0,1761.0,Spizella pusilla,Field Sparrow,0.5629,D:\AcousticMonitoringData\ELDON7_Data\Week25\ELDON7_20250705_055402.wav
1761.0,1764.0,Spizella pusilla,Field Sparrow,0.1293,D:\AcousticMonitoringData\ELDON7_Data\Week25\ELDON7_20250705_055402.wav
1767.0,1770.0,Spizella pusilla,Field Sparrow,0.1741,D:\AcousticMonitoringData\ELDON7_Data\Week25\ELDON7_20250705_055402.wav
1770.0,1773.0,Spizella pusilla,Field Sparrow,0.1391,D:\AcousticMonitoringData\ELDON7_Data\Week25\ELDON7_20250705_055402.wav
1773.0,1776.0,Spizella pusilla,Field Sparrow,0.1458,D:\AcousticMonitoringData\ELDON7_Data\Week25\ELDON7_20250705_055402.wav
1782.0,1785.0,Spizella pusilla,Field Sparrow,0.4030,D:\AcousticMonitoringData\ELDON7_Data\Week25\ELDON7_20250705_055402.wav
1785.0,1788.0,Spizella pusilla,Field Sparrow,0.6046,D:\AcousticMonitoringData\ELDON7_Data\Week25\ELDON7_20250705_055402.wav
1785.0,1788.0,Passerina caerulea,Blue Grosbeak,0.0578,D:\AcousticMonitoringData\ELDON7_Data\Week25\ELDON7_20250705_055402.wav
1788.0,1791.0,Spizella pusilla,Field Sparrow,0.5777,D:\AcousticMonitoringData\ELDON7_Data\Week25\ELDON7_20250705_055402.wav
1797.0,1800.0,Spizella pusilla,Field Sparrow,0.2274,D:\AcousticMonitoringData\ELDON7_Data\Week25\ELDON7_20250705_055402.wav
1800.0,1803.0,Spizella pusilla,Field Sparrow,0.1683,D:\AcousticMonitoringData\ELDON7_Data\Week25\ELDON7_20250705_055402.wav
1803.0,1806.0,Spizella pusilla,Field Sparrow,0.3393,D:\AcousticMonitoringData\ELDON7_Data\Week25\ELDON7_20250705_055402.wav
1809.0,1812.0,Spizella pusilla,Field Sparrow,0.2870,D:\AcousticMonitoringData\ELDON7_Data\Week25\ELDON7_20250705_055402.wav
1815.0,1818.0,Spizella pusilla,Field Sparrow,0.2945,D:\AcousticMonitoringData\ELDON7_Data\Week25\ELDON7_20250705_055402.wav
1821.0,1824.0,Spizella pusilla,Field Sparrow,0.2538,D:\AcousticMonitoringData\ELDON7_Data\Week25\ELDON7_20250705_055402.wav
1830.0,1833.0,Spizella pusilla,Field Sparrow,0.1105,D:\AcousticMonitoringData\ELDON7_Data\Week25\ELDON7_20250705_055402.wav
1833.0,1836.0,Spizella pusilla,Field Sparrow,0.4992,D:\AcousticMonitoringData\ELDON7_Data\Week25\ELDON7_20250705_055402.wav
1842.0,1845.0,Spizella pusilla,Field Sparrow,0.4740,D:\AcousticMonitoringData\ELDON7_Data\Week25\ELDON7_20250705_055402.wav
1845.0,1848.0,Geothlypis trichas,Common Yellowthroat,0.0842,D:\AcousticMonitoringData\ELDON7_Data\Week25\ELDON7_20250705_055402.wav
1848.0,1851.0,Spizella pusilla,Field Sparrow,0.2600,D:\AcousticMonitoringData\ELDON7_Data\Week25\ELDON7_20250705_055402.wav
1854.0,1857.0,Spizella pusilla,Field Sparrow,0.0757,D:\AcousticMonitoringData\ELDON7_Data\Week25\ELDON7_20250705_055402.wav
1863.0,1866.0,Spizella pusilla,Field Sparrow,0.1337,D:\AcousticMonitoringData\ELDON7_Data\Week25\ELDON7_20250705_055402.wav
1866.0,1869.0,Spizella pusilla,Field Sparrow,0.1028,D:\AcousticMonitoringData\ELDON7_Data\Week25\ELDON7_20250705_055402.wav
1875.0,1878.0,Passerina caerulea,Blue Grosbeak,0.0731,D:\AcousticMonitoringData\ELDON7_Data\Week25\ELDON7_20250705_055402.wav
1878.0,1881.0,Spizella pusilla,Field Sparrow,0.4384,D:\AcousticMonitoringData\ELDON7_Data\Week25\ELDON7_20250705_055402.wav
1893.0,1896.0,Spizella pusilla,Field Sparrow,0.6826,D:\AcousticMonitoringData\ELDON7_Data\Week25\ELDON7_20250705_055402.wav
1905.0,1908.0,Bartramia longicauda,Upland Sandpiper,0.0522,D:\AcousticMonitoringData\ELDON7_Data\Week25\ELDON7_20250705_055402.wav
1908.0,1911.0,Spizella pusilla,Field Sparrow,0.3546,D:\AcousticMonitoringData\ELDON7_Data\Week25\ELDON7_20250705_055402.wav
1923.0,1926.0,Spizella pusilla,Field Sparrow,0.0634,D:\AcousticMonitoringData\ELDON7_Data\Week25\ELDON7_20250705_055402.wav
1935.0,1938.0,Spizella pusilla,Field Sparrow,0.0599,D:\AcousticMonitoringData\ELDON7_Data\Week25\ELDON7_20250705_055402.wav
1935.0,1938.0,Geothlypis trichas,Common Yellowthroat,0.0555,D:\AcousticMonitoringData\ELDON7_Data\Week25\ELDON7_20250705_055402.wav
1938.0,1941.0,Spizella pusilla,Field Sparrow,0.5021,D:\AcousticMonitoringData\ELDON7_Data\Week25\ELDON7_20250705_055402.wav
1953.0,1956.0,Spizella pusilla,Field Sparrow,0.3346,D:\AcousticMonitoringData\ELDON7_Data\Week25\ELDON7_20250705_055402.wav
1968.0,1971.0,Spizella pusilla,Field Sparrow,0.0694,D:\AcousticMonitoringData\ELDON7_Data\Week25\ELDON7_20250705_055402.wav
1983.0,1986.0,Spizella pusilla,Field Sparrow,0.2020,D:\AcousticMonitoringData\ELDON7_Data\Week25\ELDON7_20250705_055402.wav
1986.0,1989.0,Spizella pusilla,Field Sparrow,0.3761,D:\AcousticMonitoringData\ELDON7_Data\Week25\ELDON7_20250705_055402.wav
1998.0,2001.0,Spizella pusilla,Field Sparrow,0.4526,D:\AcousticMonitoringData\ELDON7_Data\Week25\ELDON7_20250705_055402.wav
2001.0,2004.0,Spizella pusilla,Field Sparrow,0.2816,D:\AcousticMonitoringData\ELDON7_Data\Week25\ELDON7_20250705_055402.wav
2004.0,2007.0,Geothlypis trichas,Common Yellowthroat,0.1010,D:\AcousticMonitoringData\ELDON7_Data\Week25\ELDON7_20250705_055402.wav
2013.0,2016.0,Spizella pusilla,Field Sparrow,0.3226,D:\AcousticMonitoringData\ELDON7_Data\Week25\ELDON7_20250705_055402.wav
2016.0,2019.0,Spizella pusilla,Field Sparrow,0.1408,D:\AcousticMonitoringData\ELDON7_Data\Week25\ELDON7_20250705_055402.wav
2025.0,2028.0,Spizella pusilla,Field Sparrow,0.0600,D:\AcousticMonitoringData\ELDON7_Data\Week25\ELDON7_20250705_055402.wav
2028.0,2031.0,Spizella pusilla,Field Sparrow,0.0679,D:\AcousticMonitoringData\ELDON7_Data\Week25\ELDON7_20250705_055402.wav
2031.0,2034.0,Spizella pusilla,Field Sparrow,0.7476,D:\AcousticMonitoringData\ELDON7_Data\Week25\ELDON7_20250705_055402.wav
2046.0,2049.0,Spizella pusilla,Field Sparrow,0.3413,D:\AcousticMonitoringData\ELDON7_Data\Week25\ELDON7_20250705_055402.wav
2052.0,2055.0,Spizella pusilla,Field Sparrow,0.0521,D:\AcousticMonitoringData\ELDON7_Data\Week25\ELDON7_20250705_055402.wav
2052.0,2055.0,Passerina caerulea,Blue Grosbeak,0.0513,D:\AcousticMonitoringData\ELDON7_Data\Week25\ELDON7_20250705_055402.wav
2073.0,2076.0,Spizella pusilla,Field Sparrow,0.4233,D:\AcousticMonitoringData\ELDON7_Data\Week25\ELDON7_20250705_055402.wav
2076.0,2079.0,Spizella pusilla,Field Sparrow,0.5108,D:\AcousticMonitoringData\ELDON7_Data\Week25\ELDON7_20250705_055402.wav
2079.0,2082.0,Spizella pusilla,Field Sparrow,0.0618,D:\AcousticMonitoringData\ELDON7_Data\Week25\ELDON7_20250705_055402.wav
2085.0,2088.0,Spizella pusilla,Field Sparrow,0.1328,D:\AcousticMonitoringData\ELDON7_Data\Week25\ELDON7_20250705_055402.wav
2091.0,2094.0,Spizella pusilla,Field Sparrow,0.3290,D:\AcousticMonitoringData\ELDON7_Data\Week25\ELDON7_20250705_055402.wav
2094.0,2097.0,Spizella pusilla,Field Sparrow,0.0895,D:\AcousticMonitoringData\ELDON7_Data\Week25\ELDON7_20250705_055402.wav
2103.0,2106.0,Geothlypis trichas,Common Yellowthroat,0.0765,D:\AcousticMonitoringData\ELDON7_Data\Week25\ELDON7_20250705_055402.wav
2106.0,2109.0,Spizella pusilla,Field Sparrow,0.1197,D:\AcousticMonitoringData\ELDON7_Data\Week25\ELDON7_20250705_055402.wav
2109.0,2112.0,Spizella pusilla,Field Sparrow,0.3729,D:\AcousticMonitoringData\ELDON7_Data\Week25\ELDON7_20250705_055402.wav
2121.0,2124.0,Spizella pusilla,Field Sparrow,0.2347,D:\AcousticMonitoringData\ELDON7_Data\Week25\ELDON7_20250705_055402.wav
2124.0,2127.0,Spizella pusilla,Field Sparrow,0.4410,D:\AcousticMonitoringData\ELDON7_Data\Week25\ELDON7_20250705_055402.wav
2139.0,2142.0,Spizella pusilla,Field Sparrow,0.6086,D:\AcousticMonitoringData\ELDON7_Data\Week25\ELDON7_20250705_055402.wav
2145.0,2148.0,Spizella pusilla,Field Sparrow,0.3444,D:\AcousticMonitoringData\ELDON7_Data\Week25\ELDON7_20250705_055402.wav
2151.0,2154.0,Spizella pusilla,Field Sparrow,0.3144,D:\AcousticMonitoringData\ELDON7_Data\Week25\ELDON7_20250705_055402.wav
2154.0,2157.0,Spizella pusilla,Field Sparrow,0.1431,D:\AcousticMonitoringData\ELDON7_Data\Week25\ELDON7_20250705_055402.wav
2166.0,2169.0,Spizella pusilla,Field Sparrow,0.1284,D:\AcousticMonitoringData\ELDON7_Data\Week25\ELDON7_20250705_055402.wav
2169.0,2172.0,Spizella pusilla,Field Sparrow,0.6287,D:\AcousticMonitoringData\ELDON7_Data\Week25\ELDON7_20250705_055402.wav
2184.0,2187.0,Spizella pusilla,Field Sparrow,0.1359,D:\AcousticMonitoringData\ELDON7_Data\Week25\ELDON7_20250705_055402.wav
2196.0,2199.0,Spizella pusilla,Field Sparrow,0.4760,D:\AcousticMonitoringData\ELDON7_Data\Week25\ELDON7_20250705_055402.wav
2211.0,2214.0,Spizella pusilla,Field Sparrow,0.6259,D:\AcousticMonitoringData\ELDON7_Data\Week25\ELDON7_20250705_055402.wav
2220.0,2223.0,Spizella pusilla,Field Sparrow,0.2230,D:\AcousticMonitoringData\ELDON7_Data\Week25\ELDON7_20250705_055402.wav
2226.0,2229.0,Spizella pusilla,Field Sparrow,0.1298,D:\AcousticMonitoringData\ELDON7_Data\Week25\ELDON7_20250705_055402.wav
2229.0,2232.0,Spizella pusilla,Field Sparrow,0.3485,D:\AcousticMonitoringData\ELDON7_Data\Week25\ELDON7_20250705_055402.wav
2241.0,2244.0,Geothlypis trichas,Common Yellowthroat,0.0787,D:\AcousticMonitoringData\ELDON7_Data\Week25\ELDON7_20250705_055402.wav
2244.0,2247.0,Spizella pusilla,Field Sparrow,0.7297,D:\AcousticMonitoringData\ELDON7_Data\Week25\ELDON7_20250705_055402.wav
2253.0,2256.0,Spizella pusilla,Field Sparrow,0.0658,D:\AcousticMonitoringData\ELDON7_Data\Week25\ELDON7_20250705_055402.wav
2256.0,2259.0,Spizella pusilla,Field Sparrow,0.1004,D:\AcousticMonitoringData\ELDON7_Data\Week25\ELDON7_20250705_055402.wav
2259.0,2262.0,Spizella pusilla,Field Sparrow,0.1248,D:\AcousticMonitoringData\ELDON7_Data\Week25\ELDON7_20250705_055402.wav
2262.0,2265.0,Spizella pusilla,Field Sparrow,0.5331,D:\AcousticMonitoringData\ELDON7_Data\Week25\ELDON7_20250705_055402.wav
2268.0,2271.0,Spizella pusilla,Field Sparrow,0.0564,D:\AcousticMonitoringData\ELDON7_Data\Week25\ELDON7_20250705_055402.wav
2274.0,2277.0,Spizella pusilla,Field Sparrow,0.0614,D:\AcousticMonitoringData\ELDON7_Data\Week25\ELDON7_20250705_055402.wav
2277.0,2280.0,Spizella pusilla,Field Sparrow,0.4665,D:\AcousticMonitoringData\ELDON7_Data\Week25\ELDON7_20250705_055402.wav
2289.0,2292.0,Spizella pusilla,Field Sparrow,0.0574,D:\AcousticMonitoringData\ELDON7_Data\Week25\ELDON7_20250705_055402.wav
2289.0,2292.0,Geothlypis trichas,Common Yellowthroat,0.0503,D:\AcousticMonitoringData\ELDON7_Data\Week25\ELDON7_20250705_055402.wav
2292.0,2295.0,Spizella pusilla,Field Sparrow,0.5605,D:\AcousticMonitoringData\ELDON7_Data\Week25\ELDON7_20250705_055402.wav
2304.0,2307.0,Geothlypis trichas,Common Yellowthroat,0.0637,D:\AcousticMonitoringData\ELDON7_Data\Week25\ELDON7_20250705_055402.wav
2319.0,2322.0,Spizella pusilla,Field Sparrow,0.0843,D:\AcousticMonitoringData\ELDON7_Data\Week25\ELDON7_20250705_055402.wav
2322.0,2325.0,Spizella pusilla,Field Sparrow,0.2157,D:\AcousticMonitoringData\ELDON7_Data\Week25\ELDON7_20250705_055402.wav
2325.0,2328.0,Spizella pusilla,Field Sparrow,0.0961,D:\AcousticMonitoringData\ELDON7_Data\Week25\ELDON7_20250705_055402.wav
2331.0,2334.0,Spizella pusilla,Field Sparrow,0.2067,D:\AcousticMonitoringData\ELDON7_Data\Week25\ELDON7_20250705_055402.wav
2334.0,2337.0,Geothlypis trichas,Common Yellowthroat,0.0917,D:\AcousticMonitoringData\ELDON7_Data\Week25\ELDON7_20250705_055402.wav
2343.0,2346.0,Spizella pusilla,Field Sparrow,0.7913,D:\AcousticMonitoringData\ELDON7_Data\Week25\ELDON7_20250705_055402.wav
2346.0,2349.0,Spizella pusilla,Field Sparrow,0.3297,D:\AcousticMonitoringData\ELDON7_Data\Week25\ELDON7_20250705_055402.wav
2355.0,2358.0,Spizella pusilla,Field Sparrow,0.3483,D:\AcousticMonitoringData\ELDON7_Data\Week25\ELDON7_20250705_055402.wav
2364.0,2367.0,Spizella pusilla,Field Sparrow,0.5355,D:\AcousticMonitoringData\ELDON7_Data\Week25\ELDON7_20250705_055402.wav
2367.0,2370.0,Geothlypis trichas,Common Yellowthroat,0.0534,D:\AcousticMonitoringData\ELDON7_Data\Week25\ELDON7_20250705_055402.wav
2370.0,2373.0,Spizella pusilla,Field Sparrow,0.0992,D:\AcousticMonitoringData\ELDON7_Data\Week25\ELDON7_20250705_055402.wav
2376.0,2379.0,Spizella pusilla,Field Sparrow,0.7005,D:\AcousticMonitoringData\ELDON7_Data\Week25\ELDON7_20250705_055402.wav
2379.0,2382.0,Geothlypis trichas,Common Yellowthroat,0.0854,D:\AcousticMonitoringData\ELDON7_Data\Week25\ELDON7_20250705_055402.wav
2379.0,2382.0,Spizella pusilla,Field Sparrow,0.0562,D:\AcousticMonitoringData\ELDON7_Data\Week25\ELDON7_20250705_055402.wav
2382.0,2385.0,Spizella pusilla,Field Sparrow,0.2360,D:\AcousticMonitoringData\ELDON7_Data\Week25\ELDON7_20250705_055402.wav
2385.0,2388.0,Spizella pusilla,Field Sparrow,0.0704,D:\AcousticMonitoringData\ELDON7_Data\Week25\ELDON7_20250705_055402.wav
2388.0,2391.0,Spizella pusilla,Field Sparrow,0.1997,D:\AcousticMonitoringData\ELDON7_Data\Week25\ELDON7_20250705_055402.wav
2391.0,2394.0,Spizella pusilla,Field Sparrow,0.0832,D:\AcousticMonitoringData\ELDON7_Data\Week25\ELDON7_20250705_055402.wav
2394.0,2397.0,Spizella pusilla,Field Sparrow,0.5194,D:\AcousticMonitoringData\ELDON7_Data\Week25\ELDON7_20250705_055402.wav
2397.0,2400.0,Spizella pusilla,Field Sparrow,0.0836,D:\AcousticMonitoringData\ELDON7_Data\Week25\ELDON7_20250705_055402.wav
2403.0,2406.0,Geothlypis trichas,Common Yellowthroat,0.0657,D:\AcousticMonitoringData\ELDON7_Data\Week25\ELDON7_20250705_055402.wav
2406.0,2409.0,Spizella pusilla,Field Sparrow,0.1696,D:\AcousticMonitoringData\ELDON7_Data\Week25\ELDON7_20250705_055402.wav
2409.0,2412.0,Spizella pusilla,Field Sparrow,0.3451,D:\AcousticMonitoringData\ELDON7_Data\Week25\ELDON7_20250705_055402.wav
2412.0,2415.0,Spizella pusilla,Field Sparrow,0.0911,D:\AcousticMonitoringData\ELDON7_Data\Week25\ELDON7_20250705_055402.wav
2418.0,2421.0,Spizella pusilla,Field Sparrow,0.4438,D:\AcousticMonitoringData\ELDON7_Data\Week25\ELDON7_20250705_055402.wav
2421.0,2424.0,Spizella pusilla,Field Sparrow,0.1930,D:\AcousticMonitoringData\ELDON7_Data\Week25\ELDON7_20250705_055402.wav
2424.0,2427.0,Spizella pusilla,Field Sparrow,0.0796,D:\AcousticMonitoringData\ELDON7_Data\Week25\ELDON7_20250705_055402.wav
2427.0,2430.0,Spizella pusilla,Field Sparrow,0.1531,D:\AcousticMonitoringData\ELDON7_Data\Week25\ELDON7_20250705_055402.wav
2430.0,2433.0,Spizella pusilla,Field Sparrow,0.2013,D:\AcousticMonitoringData\ELDON7_Data\Week25\ELDON7_20250705_055402.wav
2433.0,2436.0,Spizella pusilla,Field Sparrow,0.3968,D:\AcousticMonitoringData\ELDON7_Data\Week25\ELDON7_20250705_055402.wav
2436.0,2439.0,Geothlypis trichas,Common Yellowthroat,0.1684,D:\AcousticMonitoringData\ELDON7_Data\Week25\ELDON7_20250705_055402.wav
2436.0,2439.0,Spizella pusilla,Field Sparrow,0.0506,D:\AcousticMonitoringData\ELDON7_Data\Week25\ELDON7_20250705_055402.wav
2439.0,2442.0,Spizella pusilla,Field Sparrow,0.0636,D:\AcousticMonitoringData\ELDON7_Data\Week25\ELDON7_20250705_055402.wav
2445.0,2448.0,Spizella pusilla,Field Sparrow,0.2705,D:\AcousticMonitoringData\ELDON7_Data\Week25\ELDON7_20250705_055402.wav
2448.0,2451.0,Spizella pusilla,Field Sparrow,0.1520,D:\AcousticMonitoringData\ELDON7_Data\Week25\ELDON7_20250705_055402.wav
2451.0,2454.0,Spizella pusilla,Field Sparrow,0.2326,D:\AcousticMonitoringData\ELDON7_Data\Week25\ELDON7_20250705_055402.wav
2454.0,2457.0,Spizella pusilla,Field Sparrow,0.0676,D:\AcousticMonitoringData\ELDON7_Data\Week25\ELDON7_20250705_055402.wav
2457.0,2460.0,Spizella pusilla,Field Sparrow,0.5554,D:\AcousticMonitoringData\ELDON7_Data\Week25\ELDON7_20250705_055402.wav
2460.0,2463.0,Spizella pusilla,Field Sparrow,0.1963,D:\AcousticMonitoringData\ELDON7_Data\Week25\ELDON7_20250705_055402.wav
2460.0,2463.0,Geothlypis trichas,Common Yellowthroat,0.0777,D:\AcousticMonitoringData\ELDON7_Data\Week25\ELDON7_20250705_055402.wav
2463.0,2466.0,Spizella pusilla,Field Sparrow,0.0668,D:\AcousticMonitoringData\ELDON7_Data\Week25\ELDON7_20250705_055402.wav
2466.0,2469.0,Geothlypis trichas,Common Yellowthroat,0.1600,D:\AcousticMonitoringData\ELDON7_Data\Week25\ELDON7_20250705_055402.wav
2469.0,2472.0,Spizella pusilla,Field Sparrow,0.6103,D:\AcousticMonitoringData\ELDON7_Data\Week25\ELDON7_20250705_055402.wav
2472.0,2475.0,Spizella pusilla,Field Sparrow,0.6296,D:\AcousticMonitoringData\ELDON7_Data\Week25\ELDON7_20250705_055402.wav
2475.0,2478.0,Passerina caerulea,Blue Grosbeak,0.0521,D:\AcousticMonitoringData\ELDON7_Data\Week25\ELDON7_20250705_055402.wav
2478.0,2481.0,Geothlypis trichas,Common Yellowthroat,0.1127,D:\AcousticMonitoringData\ELDON7_Data\Week25\ELDON7_20250705_055402.wav
2481.0,2484.0,Spizella pusilla,Field Sparrow,0.4393,D:\AcousticMonitoringData\ELDON7_Data\Week25\ELDON7_20250705_055402.wav
2484.0,2487.0,Spizella pusilla,Field Sparrow,0.3077,D:\AcousticMonitoringData\ELDON7_Data\Week25\ELDON7_20250705_055402.wav
2490.0,2493.0,Geothlypis trichas,Common Yellowthroat,0.1266,D:\AcousticMonitoringData\ELDON7_Data\Week25\ELDON7_20250705_055402.wav
2496.0,2499.0,Spizella pusilla,Field Sparrow,0.3395,D:\AcousticMonitoringData\ELDON7_Data\Week25\ELDON7_20250705_055402.wav
2499.0,2502.0,Spizella pusilla,Field Sparrow,0.1203,D:\AcousticMonitoringData\ELDON7_Data\Week25\ELDON7_20250705_055402.wav
2499.0,2502.0,Passerina caerulea,Blue Grosbeak,0.0826,D:\AcousticMonitoringData\ELDON7_Data\Week25\ELDON7_20250705_055402.wav
2505.0,2508.0,Spizella pusilla,Field Sparrow,0.2566,D:\AcousticMonitoringData\ELDON7_Data\Week25\ELDON7_20250705_055402.wav
2505.0,2508.0,Geothlypis trichas,Common Yellowthroat,0.0782,D:\AcousticMonitoringData\ELDON7_Data\Week25\ELDON7_20250705_055402.wav
2508.0,2511.0,Spizella pusilla,Field Sparrow,0.4948,D:\AcousticMonitoringData\ELDON7_Data\Week25\ELDON7_20250705_055402.wav
2511.0,2514.0,Spizella pusilla,Field Sparrow,0.2178,D:\AcousticMonitoringData\ELDON7_Data\Week25\ELDON7_20250705_055402.wav
2517.0,2520.0,Spizella pusilla,Field Sparrow,0.0625,D:\AcousticMonitoringData\ELDON7_Data\Week25\ELDON7_20250705_055402.wav
2520.0,2523.0,Spizella pusilla,Field Sparrow,0.0888,D:\AcousticMonitoringData\ELDON7_Data\Week25\ELDON7_20250705_055402.wav
2523.0,2526.0,Spizella pusilla,Field Sparrow,0.4521,D:\AcousticMonitoringData\ELDON7_Data\Week25\ELDON7_20250705_055402.wav
2526.0,2529.0,Spizella pusilla,Field Sparrow,0.2602,D:\AcousticMonitoringData\ELDON7_Data\Week25\ELDON7_20250705_055402.wav
2526.0,2529.0,Geothlypis trichas,Common Yellowthroat,0.0607,D:\AcousticMonitoringData\ELDON7_Data\Week25\ELDON7_20250705_055402.wav
2529.0,2532.0,Geothlypis trichas,Common Yellowthroat,0.3144,D:\AcousticMonitoringData\ELDON7_Data\Week25\ELDON7_20250705_055402.wav
2532.0,2535.0,Spizella pusilla,Field Sparrow,0.4705,D:\AcousticMonitoringData\ELDON7_Data\Week25\ELDON7_20250705_055402.wav
2532.0,2535.0,Sturnella magna,Eastern Meadowlark,0.0827,D:\AcousticMonitoringData\ELDON7_Data\Week25\ELDON7_20250705_055402.wav
2535.0,2538.0,Spizella pusilla,Field Sparrow,0.4422,D:\AcousticMonitoringData\ELDON7_Data\Week25\ELDON7_20250705_055402.wav
2538.0,2541.0,Spizella pusilla,Field Sparrow,0.9677,D:\AcousticMonitoringData\ELDON7_Data\Week25\ELDON7_20250705_055402.wav
2544.0,2547.0,Geothlypis trichas,Common Yellowthroat,0.1509,D:\AcousticMonitoringData\ELDON7_Data\Week25\ELDON7_20250705_055402.wav
2547.0,2550.0,Spizella pusilla,Field Sparrow,0.1308,D:\AcousticMonitoringData\ELDON7_Data\Week25\ELDON7_20250705_055402.wav
2550.0,2553.0,Spizella pusilla,Field Sparrow,0.8002,D:\AcousticMonitoringData\ELDON7_Data\Week25\ELDON7_20250705_055402.wav
2553.0,2556.0,Spizella pusilla,Field Sparrow,0.8960,D:\AcousticMonitoringData\ELDON7_Data\Week25\ELDON7_20250705_055402.wav
2562.0,2565.0,Spizella pusilla,Field Sparrow,0.2852,D:\AcousticMonitoringData\ELDON7_Data\Week25\ELDON7_20250705_055402.wav
2565.0,2568.0,Spizella pusilla,Field Sparrow,0.5950,D:\AcousticMonitoringData\ELDON7_Data\Week25\ELDON7_20250705_055402.wav
2568.0,2571.0,Geothlypis trichas,Common Yellowthroat,0.1013,D:\AcousticMonitoringData\ELDON7_Data\Week25\ELDON7_20250705_055402.wav
2571.0,2574.0,Spizella pusilla,Field Sparrow,0.1060,D:\AcousticMonitoringData\ELDON7_Data\Week25\ELDON7_20250705_055402.wav
2574.0,2577.0,Spizella pusilla,Field Sparrow,0.2363,D:\AcousticMonitoringData\ELDON7_Data\Week25\ELDON7_20250705_055402.wav
2574.0,2577.0,Geothlypis trichas,Common Yellowthroat,0.0715,D:\AcousticMonitoringData\ELDON7_Data\Week25\ELDON7_20250705_055402.wav
2577.0,2580.0,Spizella pusilla,Field Sparrow,0.5960,D:\AcousticMonitoringData\ELDON7_Data\Week25\ELDON7_20250705_055402.wav
2580.0,2583.0,Spizella pusilla,Field Sparrow,0.1585,D:\AcousticMonitoringData\ELDON7_Data\Week25\ELDON7_20250705_055402.wav
2586.0,2589.0,Spizella pusilla,Field Sparrow,0.1038,D:\AcousticMonitoringData\ELDON7_Data\Week25\ELDON7_20250705_055402.wav
2592.0,2595.0,Spizella pusilla,Field Sparrow,0.2495,D:\AcousticMonitoringData\ELDON7_Data\Week25\ELDON7_20250705_055402.wav
2592.0,2595.0,Passerina caerulea,Blue Grosbeak,0.0984,D:\AcousticMonitoringData\ELDON7_Data\Week25\ELDON7_20250705_055402.wav
2595.0,2598.0,Spizella pusilla,Field Sparrow,0.4878,D:\AcousticMonitoringData\ELDON7_Data\Week25\ELDON7_20250705_055402.wav
2595.0,2598.0,Geothlypis trichas,Common Yellowthroat,0.0598,D:\AcousticMonitoringData\ELDON7_Data\Week25\ELDON7_20250705_055402.wav
2598.0,2601.0,Spizella pusilla,Field Sparrow,0.0545,D:\AcousticMonitoringData\ELDON7_Data\Week25\ELDON7_20250705_055402.wav
2601.0,2604.0,Spizella pusilla,Field Sparrow,0.3734,D:\AcousticMonitoringData\ELDON7_Data\Week25\ELDON7_20250705_055402.wav
2604.0,2607.0,Spizella pusilla,Field Sparrow,0.3545,D:\AcousticMonitoringData\ELDON7_Data\Week25\ELDON7_20250705_055402.wav
2607.0,2610.0,Spizella pusilla,Field Sparrow,0.1025,D:\AcousticMonitoringData\ELDON7_Data\Week25\ELDON7_20250705_055402.wav
2610.0,2613.0,Spizella pusilla,Field Sparrow,0.1425,D:\AcousticMonitoringData\ELDON7_Data\Week25\ELDON7_20250705_055402.wav
2610.0,2613.0,Geothlypis trichas,Common Yellowthroat,0.0603,D:\AcousticMonitoringData\ELDON7_Data\Week25\ELDON7_20250705_055402.wav
2613.0,2616.0,Spizella pusilla,Field Sparrow,0.1953,D:\AcousticMonitoringData\ELDON7_Data\Week25\ELDON7_20250705_055402.wav
2616.0,2619.0,Spizella pusilla,Field Sparrow,0.3371,D:\AcousticMonitoringData\ELDON7_Data\Week25\ELDON7_20250705_055402.wav
2619.0,2622.0,Spizella pusilla,Field Sparrow,0.3169,D:\AcousticMonitoringData\ELDON7_Data\Week25\ELDON7_20250705_055402.wav
2625.0,2628.0,Spizella pusilla,Field Sparrow,0.0994,D:\AcousticMonitoringData\ELDON7_Data\Week25\ELDON7_20250705_055402.wav
2628.0,2631.0,Spizella pusilla,Field Sparrow,0.1954,D:\AcousticMonitoringData\ELDON7_Data\Week25\ELDON7_20250705_055402.wav
2631.0,2634.0,Spizella pusilla,Field Sparrow,0.8154,D:\AcousticMonitoringData\ELDON7_Data\Week25\ELDON7_20250705_055402.wav
2637.0,2640.0,Spizella pusilla,Field Sparrow,0.0502,D:\AcousticMonitoringData\ELDON7_Data\Week25\ELDON7_20250705_055402.wav
2640.0,2643.0,Geothlypis trichas,Common Yellowthroat,0.1040,D:\AcousticMonitoringData\ELDON7_Data\Week25\ELDON7_20250705_055402.wav
2640.0,2643.0,Spizella pusilla,Field Sparrow,0.0936,D:\AcousticMonitoringData\ELDON7_Data\Week25\ELDON7_20250705_055402.wav
2643.0,2646.0,Spizella pusilla,Field Sparrow,0.3039,D:\AcousticMonitoringData\ELDON7_Data\Week25\ELDON7_20250705_055402.wav
2652.0,2655.0,Sturnella magna,Eastern Meadowlark,0.0947,D:\AcousticMonitoringData\ELDON7_Data\Week25\ELDON7_20250705_055402.wav
2655.0,2658.0,Spizella pusilla,Field Sparrow,0.3649,D:\AcousticMonitoringData\ELDON7_Data\Week25\ELDON7_20250705_055402.wav
2658.0,2661.0,Spizella pusilla,Field Sparrow,0.1311,D:\AcousticMonitoringData\ELDON7_Data\Week25\ELDON7_20250705_055402.wav
2661.0,2664.0,Spizella pusilla,Field Sparrow,0.1868,D:\AcousticMonitoringData\ELDON7_Data\Week25\ELDON7_20250705_055402.wav
2661.0,2664.0,Geothlypis trichas,Common Yellowthroat,0.0781,D:\AcousticMonitoringData\ELDON7_Data\Week25\ELDON7_20250705_055402.wav
2670.0,2673.0,Spizella pusilla,Field Sparrow,0.1321,D:\AcousticMonitoringData\ELDON7_Data\Week25\ELDON7_20250705_055402.wav
2673.0,2676.0,Sturnella magna,Eastern Meadowlark,0.0869,D:\AcousticMonitoringData\ELDON7_Data\Week25\ELDON7_20250705_055402.wav
2682.0,2685.0,Spizella pusilla,Field Sparrow,0.4535,D:\AcousticMonitoringData\ELDON7_Data\Week25\ELDON7_20250705_055402.wav
2685.0,2688.0,Spizella pusilla,Field Sparrow,0.2021,D:\AcousticMonitoringData\ELDON7_Data\Week25\ELDON7_20250705_055402.wav
2694.0,2697.0,Spizella pusilla,Field Sparrow,0.4734,D:\AcousticMonitoringData\ELDON7_Data\Week25\ELDON7_20250705_055402.wav
2697.0,2700.0,Spizella pusilla,Field Sparrow,0.8199,D:\AcousticMonitoringData\ELDON7_Data\Week25\ELDON7_20250705_055402.wav
2703.0,2706.0,Geothlypis trichas,Common Yellowthroat,0.0557,D:\AcousticMonitoringData\ELDON7_Data\Week25\ELDON7_20250705_055402.wav
2706.0,2709.0,Spizella pusilla,Field Sparrow,0.1888,D:\AcousticMonitoringData\ELDON7_Data\Week25\ELDON7_20250705_055402.wav
2709.0,2712.0,Spizella pusilla,Field Sparrow,0.2057,D:\AcousticMonitoringData\ELDON7_Data\Week25\ELDON7_20250705_055402.wav
2715.0,2718.0,Geothlypis trichas,Common Yellowthroat,0.0950,D:\AcousticMonitoringData\ELDON7_Data\Week25\ELDON7_20250705_055402.wav
2718.0,2721.0,Spizella pusilla,Field Sparrow,0.3893,D:\AcousticMonitoringData\ELDON7_Data\Week25\ELDON7_20250705_055402.wav
2721.0,2724.0,Spizella pusilla,Field Sparrow,0.1058,D:\AcousticMonitoringData\ELDON7_Data\Week25\ELDON7_20250705_055402.wav
2724.0,2727.0,Spizella pusilla,Field Sparrow,0.0697,D:\AcousticMonitoringData\ELDON7_Data\Week25\ELDON7_20250705_055402.wav
2730.0,2733.0,Spizella pusilla,Field Sparrow,0.1210,D:\AcousticMonitoringData\ELDON7_Data\Week25\ELDON7_20250705_055402.wav
2733.0,2736.0,Geothlypis trichas,Common Yellowthroat,0.0520,D:\AcousticMonitoringData\ELDON7_Data\Week25\ELDON7_20250705_055402.wav
2742.0,2745.0,Spizella pusilla,Field Sparrow,0.0674,D:\AcousticMonitoringData\ELDON7_Data\Week25\ELDON7_20250705_055402.wav
2748.0,2751.0,Spizella pusilla,Field Sparrow,0.2387,D:\AcousticMonitoringData\ELDON7_Data\Week25\ELDON7_20250705_055402.wav
2751.0,2754.0,Spizella pusilla,Field Sparrow,0.2788,D:\AcousticMonitoringData\ELDON7_Data\Week25\ELDON7_20250705_055402.wav
2751.0,2754.0,Geothlypis trichas,Common Yellowthroat,0.0626,D:\AcousticMonitoringData\ELDON7_Data\Week25\ELDON7_20250705_055402.wav
2754.0,2757.0,Geothlypis trichas,Common Yellowthroat,0.1082,D:\AcousticMonitoringData\ELDON7_Data\Week25\ELDON7_20250705_055402.wav
2754.0,2757.0,Spizella pusilla,Field Sparrow,0.0573,D:\AcousticMonitoringData\ELDON7_Data\Week25\ELDON7_20250705_055402.wav
2757.0,2760.0,Spizella pusilla,Field Sparrow,0.0815,D:\AcousticMonitoringData\ELDON7_Data\Week25\ELDON7_20250705_055402.wav
2760.0,2763.0,Spizella pusilla,Field Sparrow,0.0715,D:\AcousticMonitoringData\ELDON7_Data\Week25\ELDON7_20250705_055402.wav
2763.0,2766.0,Spizella pusilla,Field Sparrow,0.1334,D:\AcousticMonitoringData\ELDON7_Data\Week25\ELDON7_20250705_055402.wav
2772.0,2775.0,Spizella pusilla,Field Sparrow,0.1414,D:\AcousticMonitoringData\ELDON7_Data\Week25\ELDON7_20250705_055402.wav
2775.0,2778.0,Spizella pusilla,Field Sparrow,0.3558,D:\AcousticMonitoringData\ELDON7_Data\Week25\ELDON7_20250705_055402.wav
2784.0,2787.0,Spizella pusilla,Field Sparrow,0.6135,D:\AcousticMonitoringData\ELDON7_Data\Week25\ELDON7_20250705_055402.wav
2787.0,2790.0,Spizella pusilla,Field Sparrow,0.8130,D:\AcousticMonitoringData\ELDON7_Data\Week25\ELDON7_20250705_055402.wav
2790.0,2793.0,Geothlypis trichas,Common Yellowthroat,0.0914,D:\AcousticMonitoringData\ELDON7_Data\Week25\ELDON7_20250705_055402.wav
2793.0,2796.0,Spizella pusilla,Field Sparrow,0.0899,D:\AcousticMonitoringData\ELDON7_Data\Week25\ELDON7_20250705_055402.wav
2799.0,2802.0,Spizella pusilla,Field Sparrow,0.2366,D:\AcousticMonitoringData\ELDON7_Data\Week25\ELDON7_20250705_055402.wav
2802.0,2805.0,Spizella pusilla,Field Sparrow,0.0778,D:\AcousticMonitoringData\ELDON7_Data\Week25\ELDON7_20250705_055402.wav
2811.0,2814.0,Geothlypis trichas,Common Yellowthroat,0.0793,D:\AcousticMonitoringData\ELDON7_Data\Week25\ELDON7_20250705_055402.wav
2814.0,2817.0,Spizella pusilla,Field Sparrow,0.2779,D:\AcousticMonitoringData\ELDON7_Data\Week25\ELDON7_20250705_055402.wav
2817.0,2820.0,Spizella pusilla,Field Sparrow,0.2062,D:\AcousticMonitoringData\ELDON7_Data\Week25\ELDON7_20250705_055402.wav
2829.0,2832.0,Spizella pusilla,Field Sparrow,0.2028,D:\AcousticMonitoringData\ELDON7_Data\Week25\ELDON7_20250705_055402.wav
2835.0,2838.0,Spizella pusilla,Field Sparrow,0.0644,D:\AcousticMonitoringData\ELDON7_Data\Week25\ELDON7_20250705_055402.wav
2838.0,2841.0,Geothlypis trichas,Common Yellowthroat,0.0553,D:\AcousticMonitoringData\ELDON7_Data\Week25\ELDON7_20250705_055402.wav
2841.0,2844.0,Spizella pusilla,Field Sparrow,0.1074,D:\AcousticMonitoringData\ELDON7_Data\Week25\ELDON7_20250705_055402.wav
2844.0,2847.0,Spizella pusilla,Field Sparrow,0.4492,D:\AcousticMonitoringData\ELDON7_Data\Week25\ELDON7_20250705_055402.wav
2856.0,2859.0,Spizella pusilla,Field Sparrow,0.1397,D:\AcousticMonitoringData\ELDON7_Data\Week25\ELDON7_20250705_055402.wav
2859.0,2862.0,Spizella pusilla,Field Sparrow,0.3402,D:\AcousticMonitoringData\ELDON7_Data\Week25\ELDON7_20250705_055402.wav
2862.0,2865.0,Spizella pusilla,Field Sparrow,0.0534,D:\AcousticMonitoringData\ELDON7_Data\Week25\ELDON7_20250705_055402.wav
2868.0,2871.0,Geothlypis trichas,Common Yellowthroat,0.1168,D:\AcousticMonitoringData\ELDON7_Data\Week25\ELDON7_20250705_055402.wav
2871.0,2874.0,Spizella pusilla,Field Sparrow,0.1980,D:\AcousticMonitoringData\ELDON7_Data\Week25\ELDON7_20250705_055402.wav
2874.0,2877.0,Geothlypis trichas,Common Yellowthroat,0.0608,D:\AcousticMonitoringData\ELDON7_Data\Week25\ELDON7_20250705_055402.wav
2880.0,2883.0,Geothlypis trichas,Common Yellowthroat,0.1989,D:\AcousticMonitoringData\ELDON7_Data\Week25\ELDON7_20250705_055402.wav
2883.0,2886.0,Spizella pusilla,Field Sparrow,0.1458,D:\AcousticMonitoringData\ELDON7_Data\Week25\ELDON7_20250705_055402.wav
2886.0,2889.0,Spizella pusilla,Field Sparrow,0.7044,D:\AcousticMonitoringData\ELDON7_Data\Week25\ELDON7_20250705_055402.wav
2892.0,2895.0,Geothlypis trichas,Common Yellowthroat,0.0949,D:\AcousticMonitoringData\ELDON7_Data\Week25\ELDON7_20250705_055402.wav
2895.0,2898.0,Spizella pusilla,Field Sparrow,0.2359,D:\AcousticMonitoringData\ELDON7_Data\Week25\ELDON7_20250705_055402.wav
2898.0,2901.0,Spizella pusilla,Field Sparrow,0.0979,D:\AcousticMonitoringData\ELDON7_Data\Week25\ELDON7_20250705_055402.wav
2904.0,2907.0,Geothlypis trichas,Common Yellowthroat,0.4650,D:\AcousticMonitoringData\ELDON7_Data\Week25\ELDON7_20250705_055402.wav
2910.0,2913.0,Spizella pusilla,Field Sparrow,0.1262,D:\AcousticMonitoringData\ELDON7_Data\Week25\ELDON7_20250705_055402.wav
2916.0,2919.0,Spizella pusilla,Field Sparrow,0.0899,D:\AcousticMonitoringData\ELDON7_Data\Week25\ELDON7_20250705_055402.wav
2922.0,2925.0,Spizella pusilla,Field Sparrow,0.5485,D:\AcousticMonitoringData\ELDON7_Data\Week25\ELDON7_20250705_055402.wav
2925.0,2928.0,Spizella pusilla,Field Sparrow,0.1410,D:\AcousticMonitoringData\ELDON7_Data\Week25\ELDON7_20250705_055402.wav
2934.0,2937.0,Geothlypis trichas,Common Yellowthroat,0.1820,D:\AcousticMonitoringData\ELDON7_Data\Week25\ELDON7_20250705_055402.wav
2937.0,2940.0,Geothlypis trichas,Common Yellowthroat,0.1399,D:\AcousticMonitoringData\ELDON7_Data\Week25\ELDON7_20250705_055402.wav
2943.0,2946.0,Spizella pusilla,Field Sparrow,0.0721,D:\AcousticMonitoringData\ELDON7_Data\Week25\ELDON7_20250705_055402.wav
2946.0,2949.0,Geothlypis trichas,Common Yellowthroat,0.0822,D:\AcousticMonitoringData\ELDON7_Data\Week25\ELDON7_20250705_055402.wav
2946.0,2949.0,Spizella pusilla,Field Sparrow,0.0782,D:\AcousticMonitoringData\ELDON7_Data\Week25\ELDON7_20250705_055402.wav
2955.0,2958.0,Spizella pusilla,Field Sparrow,0.0869,D:\AcousticMonitoringData\ELDON7_Data\Week25\ELDON7_20250705_055402.wav
2961.0,2964.0,Geothlypis trichas,Common Yellowthroat,0.0669,D:\AcousticMonitoringData\ELDON7_Data\Week25\ELDON7_20250705_055402.wav
2970.0,2973.0,Spizella pusilla,Field Sparrow,0.2796,D:\AcousticMonitoringData\ELDON7_Data\Week25\ELDON7_20250705_055402.wav
2973.0,2976.0,Geothlypis trichas,Common Yellowthroat,0.2109,D:\AcousticMonitoringData\ELDON7_Data\Week25\ELDON7_20250705_055402.wav
2973.0,2976.0,Spizella pusilla,Field Sparrow,0.0971,D:\AcousticMonitoringData\ELDON7_Data\Week25\ELDON7_20250705_055402.wav
2982.0,2985.0,Spizella pusilla,Field Sparrow,0.2650,D:\AcousticMonitoringData\ELDON7_Data\Week25\ELDON7_20250705_055402.wav
2985.0,2988.0,Sturnella magna,Eastern Meadowlark,0.1535,D:\AcousticMonitoringData\ELDON7_Data\Week25\ELDON7_20250705_055402.wav
2985.0,2988.0,Spizella pusilla,Field Sparrow,0.1353,D:\AcousticMonitoringData\ELDON7_Data\Week25\ELDON7_20250705_055402.wav
2988.0,2991.0,Geothlypis trichas,Common Yellowthroat,0.0958,D:\AcousticMonitoringData\ELDON7_Data\Week25\ELDON7_20250705_055402.wav
2988.0,2991.0,Spizella pusilla,Field Sparrow,0.0732,D:\AcousticMonitoringData\ELDON7_Data\Week25\ELDON7_20250705_055402.wav
2994.0,2997.0,Spizella pusilla,Field Sparrow,0.1629,D:\AcousticMonitoringData\ELDON7_Data\Week25\ELDON7_20250705_055402.wav
2997.0,3000.0,Spizella pusilla,Field Sparrow,0.1108,D:\AcousticMonitoringData\ELDON7_Data\Week25\ELDON7_20250705_055402.wav
3006.0,3009.0,Spizella pusilla,Field Sparrow,0.4517,D:\AcousticMonitoringData\ELDON7_Data\Week25\ELDON7_20250705_055402.wav
3009.0,3012.0,Spizella pusilla,Field Sparrow,0.2889,D:\AcousticMonitoringData\ELDON7_Data\Week25\ELDON7_20250705_055402.wav
3012.0,3015.0,Spizella pusilla,Field Sparrow,0.3629,D:\AcousticMonitoringData\ELDON7_Data\Week25\ELDON7_20250705_055402.wav
3018.0,3021.0,Geothlypis trichas,Common Yellowthroat,0.0587,D:\AcousticMonitoringData\ELDON7_Data\Week25\ELDON7_20250705_055402.wav
3021.0,3024.0,Spizella pusilla,Field Sparrow,0.2082,D:\AcousticMonitoringData\ELDON7_Data\Week25\ELDON7_20250705_055402.wav
3024.0,3027.0,Spizella pusilla,Field Sparrow,0.2508,D:\AcousticMonitoringData\ELDON7_Data\Week25\ELDON7_20250705_055402.wav
3033.0,3036.0,Spizella pusilla,Field Sparrow,0.0914,D:\AcousticMonitoringData\ELDON7_Data\Week25\ELDON7_20250705_055402.wav
3036.0,3039.0,Spizella pusilla,Field Sparrow,0.0854,D:\AcousticMonitoringData\ELDON7_Data\Week25\ELDON7_20250705_055402.wav
3045.0,3048.0,Spizella pusilla,Field Sparrow,0.5045,D:\AcousticMonitoringData\ELDON7_Data\Week25\ELDON7_20250705_055402.wav
3048.0,3051.0,Spizella pusilla,Field Sparrow,0.2260,D:\AcousticMonitoringData\ELDON7_Data\Week25\ELDON7_20250705_055402.wav
3051.0,3054.0,Geothlypis trichas,Common Yellowthroat,0.0809,D:\AcousticMonitoringData\ELDON7_Data\Week25\ELDON7_20250705_055402.wav
3057.0,3060.0,Geothlypis trichas,Common Yellowthroat,0.0563,D:\AcousticMonitoringData\ELDON7_Data\Week25\ELDON7_20250705_055402.wav
3060.0,3063.0,Geothlypis trichas,Common Yellowthroat,0.0974,D:\AcousticMonitoringData\ELDON7_Data\Week25\ELDON7_20250705_055402.wav
3063.0,3066.0,Spizella pusilla,Field Sparrow,0.7083,D:\AcousticMonitoringData\ELDON7_Data\Week25\ELDON7_20250705_055402.wav
3066.0,3069.0,Spizella pusilla,Field Sparrow,0.0922,D:\AcousticMonitoringData\ELDON7_Data\Week25\ELDON7_20250705_055402.wav
3069.0,3072.0,Geothlypis trichas,Common Yellowthroat,0.1150,D:\AcousticMonitoringData\ELDON7_Data\Week25\ELDON7_20250705_055402.wav
3072.0,3075.0,Spizella pusilla,Field Sparrow,0.0814,D:\AcousticMonitoringData\ELDON7_Data\Week25\ELDON7_20250705_055402.wav
3072.0,3075.0,Geothlypis trichas,Common Yellowthroat,0.0748,D:\AcousticMonitoringData\ELDON7_Data\Week25\ELDON7_20250705_055402.wav
3075.0,3078.0,Spizella pusilla,Field Sparrow,0.1622,D:\AcousticMonitoringData\ELDON7_Data\Week25\ELDON7_20250705_055402.wav
3078.0,3081.0,Spizella pusilla,Field Sparrow,0.1658,D:\AcousticMonitoringData\ELDON7_Data\Week25\ELDON7_20250705_055402.wav
3078.0,3081.0,Passerina caerulea,Blue Grosbeak,0.0505,D:\AcousticMonitoringData\ELDON7_Data\Week25\ELDON7_20250705_055402.wav
3084.0,3087.0,Spizella pusilla,Field Sparrow,0.0610,D:\AcousticMonitoringData\ELDON7_Data\Week25\ELDON7_20250705_055402.wav
3090.0,3093.0,Spizella pusilla,Field Sparrow,0.1835,D:\AcousticMonitoringData\ELDON7_Data\Week25\ELDON7_20250705_055402.wav
3093.0,3096.0,Spizella pusilla,Field Sparrow,0.2271,D:\AcousticMonitoringData\ELDON7_Data\Week25\ELDON7_20250705_055402.wav
3096.0,3099.0,Bartramia longicauda,Upland Sandpiper,0.0608,D:\AcousticMonitoringData\ELDON7_Data\Week25\ELDON7_20250705_055402.wav
3099.0,3102.0,Geothlypis trichas,Common Yellowthroat,0.0679,D:\AcousticMonitoringData\ELDON7_Data\Week25\ELDON7_20250705_055402.wav
3105.0,3108.0,Spizella pusilla,Field Sparrow,0.0998,D:\AcousticMonitoringData\ELDON7_Data\Week25\ELDON7_20250705_055402.wav
3117.0,3120.0,Spizella pusilla,Field Sparrow,0.4181,D:\AcousticMonitoringData\ELDON7_Data\Week25\ELDON7_20250705_055402.wav
3129.0,3132.0,Spizella pusilla,Field Sparrow,0.5177,D:\AcousticMonitoringData\ELDON7_Data\Week25\ELDON7_20250705_055402.wav
3132.0,3135.0,Spizella pusilla,Field Sparrow,0.2771,D:\AcousticMonitoringData\ELDON7_Data\Week25\ELDON7_20250705_055402.wav
3141.0,3144.0,Spizella pusilla,Field Sparrow,0.7620,D:\AcousticMonitoringData\ELDON7_Data\Week25\ELDON7_20250705_055402.wav
3144.0,3147.0,Spizella pusilla,Field Sparrow,0.1259,D:\AcousticMonitoringData\ELDON7_Data\Week25\ELDON7_20250705_055402.wav
3156.0,3159.0,Spizella pusilla,Field Sparrow,0.4322,D:\AcousticMonitoringData\ELDON7_Data\Week25\ELDON7_20250705_055402.wav
3159.0,3162.0,Spizella pusilla,Field Sparrow,0.0918,D:\AcousticMonitoringData\ELDON7_Data\Week25\ELDON7_20250705_055402.wav
3162.0,3165.0,Spizella pusilla,Field Sparrow,0.1032,D:\AcousticMonitoringData\ELDON7_Data\Week25\ELDON7_20250705_055402.wav
3162.0,3165.0,Geothlypis trichas,Common Yellowthroat,0.0603,D:\AcousticMonitoringData\ELDON7_Data\Week25\ELDON7_20250705_055402.wav
3162.0,3165.0,Passerina caerulea,Blue Grosbeak,0.0518,D:\AcousticMonitoringData\ELDON7_Data\Week25\ELDON7_20250705_055402.wav
3168.0,3171.0,Spizella pusilla,Field Sparrow,0.7732,D:\AcousticMonitoringData\ELDON7_Data\Week25\ELDON7_20250705_055402.wav
3171.0,3174.0,Spizella pusilla,Field Sparrow,0.5418,D:\AcousticMonitoringData\ELDON7_Data\Week25\ELDON7_20250705_055402.wav
3183.0,3186.0,Spizella pusilla,Field Sparrow,0.0569,D:\AcousticMonitoringData\ELDON7_Data\Week25\ELDON7_20250705_055402.wav
3186.0,3189.0,Spizella pusilla,Field Sparrow,0.1290,D:\AcousticMonitoringData\ELDON7_Data\Week25\ELDON7_20250705_055402.wav
3198.0,3201.0,Spizella pusilla,Field Sparrow,0.3999,D:\AcousticMonitoringData\ELDON7_Data\Week25\ELDON7_20250705_055402.wav
3201.0,3204.0,Spizella pusilla,Field Sparrow,0.7768,D:\AcousticMonitoringData\ELDON7_Data\Week25\ELDON7_20250705_055402.wav
3210.0,3213.0,Spizella pusilla,Field Sparrow,0.1846,D:\AcousticMonitoringData\ELDON7_Data\Week25\ELDON7_20250705_055402.wav
3213.0,3216.0,Spizella pusilla,Field Sparrow,0.2161,D:\AcousticMonitoringData\ELDON7_Data\Week25\ELDON7_20250705_055402.wav
3216.0,3219.0,Spizella pusilla,Field Sparrow,0.0870,D:\AcousticMonitoringData\ELDON7_Data\Week25\ELDON7_20250705_055402.wav
3219.0,3222.0,Spizella pusilla,Field Sparrow,0.1760,D:\AcousticMonitoringData\ELDON7_Data\Week25\ELDON7_20250705_055402.wav
3219.0,3222.0,Geothlypis trichas,Common Yellowthroat,0.0633,D:\AcousticMonitoringData\ELDON7_Data\Week25\ELDON7_20250705_055402.wav
3222.0,3225.0,Geothlypis trichas,Common Yellowthroat,0.0853,D:\AcousticMonitoringData\ELDON7_Data\Week25\ELDON7_20250705_055402.wav
3225.0,3228.0,Spizella pusilla,Field Sparrow,0.1972,D:\AcousticMonitoringData\ELDON7_Data\Week25\ELDON7_20250705_055402.wav
3228.0,3231.0,Spizella pusilla,Field Sparrow,0.0760,D:\AcousticMonitoringData\ELDON7_Data\Week25\ELDON7_20250705_055402.wav
3231.0,3234.0,Spizella pusilla,Field Sparrow,0.1080,D:\AcousticMonitoringData\ELDON7_Data\Week25\ELDON7_20250705_055402.wav
3231.0,3234.0,Geothlypis trichas,Common Yellowthroat,0.0623,D:\AcousticMonitoringData\ELDON7_Data\Week25\ELDON7_20250705_055402.wav
3234.0,3237.0,Spizella pusilla,Field Sparrow,0.5886,D:\AcousticMonitoringData\ELDON7_Data\Week25\ELDON7_20250705_055402.wav
3237.0,3240.0,Spizella pusilla,Field Sparrow,0.6304,D:\AcousticMonitoringData\ELDON7_Data\Week25\ELDON7_20250705_055402.wav
3240.0,3243.0,Spizella pusilla,Field Sparrow,0.5804,D:\AcousticMonitoringData\ELDON7_Data\Week25\ELDON7_20250705_055402.wav
3243.0,3246.0,Geothlypis trichas,Common Yellowthroat,0.1100,D:\AcousticMonitoringData\ELDON7_Data\Week25\ELDON7_20250705_055402.wav
3246.0,3249.0,Spizella pusilla,Field Sparrow,0.0751,D:\AcousticMonitoringData\ELDON7_Data\Week25\ELDON7_20250705_055402.wav
3249.0,3252.0,Spizella pusilla,Field Sparrow,0.8762,D:\AcousticMonitoringData\ELDON7_Data\Week25\ELDON7_20250705_055402.wav
3252.0,3255.0,Spizella pusilla,Field Sparrow,0.3566,D:\AcousticMonitoringData\ELDON7_Data\Week25\ELDON7_20250705_055402.wav
3255.0,3258.0,Spizella pusilla,Field Sparrow,0.7908,D:\AcousticMonitoringData\ELDON7_Data\Week25\ELDON7_20250705_055402.wav
3255.0,3258.0,Passerina caerulea,Blue Grosbeak,0.0519,D:\AcousticMonitoringData\ELDON7_Data\Week25\ELDON7_20250705_055402.wav
3261.0,3264.0,Geothlypis trichas,Common Yellowthroat,0.1101,D:\AcousticMonitoringData\ELDON7_Data\Week25\ELDON7_20250705_055402.wav
3264.0,3267.0,Spizella pusilla,Field Sparrow,0.4869,D:\AcousticMonitoringData\ELDON7_Data\Week25\ELDON7_20250705_055402.wav
3270.0,3273.0,Spizella pusilla,Field Sparrow,0.2988,D:\AcousticMonitoringData\ELDON7_Data\Week25\ELDON7_20250705_055402.wav
3273.0,3276.0,Spizella pusilla,Field Sparrow,0.2596,D:\AcousticMonitoringData\ELDON7_Data\Week25\ELDON7_20250705_055402.wav
3276.0,3279.0,Spizella pusilla,Field Sparrow,0.0619,D:\AcousticMonitoringData\ELDON7_Data\Week25\ELDON7_20250705_055402.wav
3276.0,3279.0,Geothlypis trichas,Common Yellowthroat,0.0553,D:\AcousticMonitoringData\ELDON7_Data\Week25\ELDON7_20250705_055402.wav
3279.0,3282.0,Spizella pusilla,Field Sparrow,0.8360,D:\AcousticMonitoringData\ELDON7_Data\Week25\ELDON7_20250705_055402.wav
3282.0,3285.0,Spizella pusilla,Field Sparrow,0.2561,D:\AcousticMonitoringData\ELDON7_Data\Week25\ELDON7_20250705_055402.wav
3285.0,3288.0,Spizella pusilla,Field Sparrow,0.6987,D:\AcousticMonitoringData\ELDON7_Data\Week25\ELDON7_20250705_055402.wav
3294.0,3297.0,Spizella pusilla,Field Sparrow,0.3574,D:\AcousticMonitoringData\ELDON7_Data\Week25\ELDON7_20250705_055402.wav
3297.0,3300.0,Spizella pusilla,Field Sparrow,0.8240,D:\AcousticMonitoringData\ELDON7_Data\Week25\ELDON7_20250705_055402.wav
3300.0,3303.0,Spizella pusilla,Field Sparrow,0.1809,D:\AcousticMonitoringData\ELDON7_Data\Week25\ELDON7_20250705_055402.wav
3300.0,3303.0,Passerina caerulea,Blue Grosbeak,0.0503,D:\AcousticMonitoringData\ELDON7_Data\Week25\ELDON7_20250705_055402.wav
3309.0,3312.0,Spizella pusilla,Field Sparrow,0.1956,D:\AcousticMonitoringData\ELDON7_Data\Week25\ELDON7_20250705_055402.wav
3312.0,3315.0,Spizella pusilla,Field Sparrow,0.2599,D:\AcousticMonitoringData\ELDON7_Data\Week25\ELDON7_20250705_055402.wav
3321.0,3324.0,Spizella pusilla,Field Sparrow,0.1526,D:\AcousticMonitoringData\ELDON7_Data\Week25\ELDON7_20250705_055402.wav
3324.0,3327.0,Spizella pusilla,Field Sparrow,0.1701,D:\AcousticMonitoringData\ELDON7_Data\Week25\ELDON7_20250705_055402.wav
3327.0,3330.0,Spizella pusilla,Field Sparrow,0.5729,D:\AcousticMonitoringData\ELDON7_Data\Week25\ELDON7_20250705_055402.wav
3336.0,3339.0,Spizella pusilla,Field Sparrow,0.5602,D:\AcousticMonitoringData\ELDON7_Data\Week25\ELDON7_20250705_055402.wav
3339.0,3342.0,Spizella pusilla,Field Sparrow,0.1243,D:\AcousticMonitoringData\ELDON7_Data\Week25\ELDON7_20250705_055402.wav
3348.0,3351.0,Spizella pusilla,Field Sparrow,0.1214,D:\AcousticMonitoringData\ELDON7_Data\Week25\ELDON7_20250705_055402.wav
3348.0,3351.0,Geothlypis trichas,Common Yellowthroat,0.0503,D:\AcousticMonitoringData\ELDON7_Data\Week25\ELDON7_20250705_055402.wav
3351.0,3354.0,Spizella pusilla,Field Sparrow,0.6012,D:\AcousticMonitoringData\ELDON7_Data\Week25\ELDON7_20250705_055402.wav
3354.0,3357.0,Spizella pusilla,Field Sparrow,0.1014,D:\AcousticMonitoringData\ELDON7_Data\Week25\ELDON7_20250705_055402.wav
3357.0,3360.0,Spizella pusilla,Field Sparrow,0.0661,D:\AcousticMonitoringData\ELDON7_Data\Week25\ELDON7_20250705_055402.wav
3360.0,3363.0,Spizella pusilla,Field Sparrow,0.0674,D:\AcousticMonitoringData\ELDON7_Data\Week25\ELDON7_20250705_055402.wav
3366.0,3369.0,Spizella pusilla,Field Sparrow,0.6616,D:\AcousticMonitoringData\ELDON7_Data\Week25\ELDON7_20250705_055402.wav
3372.0,3375.0,Spizella pusilla,Field Sparrow,0.0555,D:\AcousticMonitoringData\ELDON7_Data\Week25\ELDON7_20250705_055402.wav
3378.0,3381.0,Spizella pusilla,Field Sparrow,0.2552,D:\AcousticMonitoringData\ELDON7_Data\Week25\ELDON7_20250705_055402.wav
3381.0,3384.0,Spizella pusilla,Field Sparrow,0.2714,D:\AcousticMonitoringData\ELDON7_Data\Week25\ELDON7_20250705_055402.wav
3384.0,3387.0,Spizella pusilla,Field Sparrow,0.1212,D:\AcousticMonitoringData\ELDON7_Data\Week25\ELDON7_20250705_055402.wav
3390.0,3393.0,Geothlypis trichas,Common Yellowthroat,0.0826,D:\AcousticMonitoringData\ELDON7_Data\Week25\ELDON7_20250705_055402.wav
3393.0,3396.0,Spizella pusilla,Field Sparrow,0.7844,D:\AcousticMonitoringData\ELDON7_Data\Week25\ELDON7_20250705_055402.wav
3396.0,3399.0,Spizella pusilla,Field Sparrow,0.8035,D:\AcousticMonitoringData\ELDON7_Data\Week25\ELDON7_20250705_055402.wav
3399.0,3402.0,Geothlypis trichas,Common Yellowthroat,0.0818,D:\AcousticMonitoringData\ELDON7_Data\Week25\ELDON7_20250705_055402.wav
3405.0,3408.0,Geothlypis trichas,Common Yellowthroat,0.0645,D:\AcousticMonitoringData\ELDON7_Data\Week25\ELDON7_20250705_055402.wav
3408.0,3411.0,Spizella pusilla,Field Sparrow,0.6759,D:\AcousticMonitoringData\ELDON7_Data\Week25\ELDON7_20250705_055402.wav
3411.0,3414.0,Spizella pusilla,Field Sparrow,0.3581,D:\AcousticMonitoringData\ELDON7_Data\Week25\ELDON7_20250705_055402.wav
3417.0,3420.0,Geothlypis trichas,Common Yellowthroat,0.2733,D:\AcousticMonitoringData\ELDON7_Data\Week25\ELDON7_20250705_055402.wav
3420.0,3423.0,Spizella pusilla,Field Sparrow,0.1142,D:\AcousticMonitoringData\ELDON7_Data\Week25\ELDON7_20250705_055402.wav
3420.0,3423.0,Geothlypis trichas,Common Yellowthroat,0.0648,D:\AcousticMonitoringData\ELDON7_Data\Week25\ELDON7_20250705_055402.wav
3423.0,3426.0,Spizella pusilla,Field Sparrow,0.7830,D:\AcousticMonitoringData\ELDON7_Data\Week25\ELDON7_20250705_055402.wav
3426.0,3429.0,Spizella pusilla,Field Sparrow,0.8255,D:\AcousticMonitoringData\ELDON7_Data\Week25\ELDON7_20250705_055402.wav
3432.0,3435.0,Spizella pusilla,Field Sparrow,0.1230,D:\AcousticMonitoringData\ELDON7_Data\Week25\ELDON7_20250705_055402.wav
3435.0,3438.0,Spizella pusilla,Field Sparrow,0.2222,D:\AcousticMonitoringData\ELDON7_Data\Week25\ELDON7_20250705_055402.wav
3438.0,3441.0,Spizella pusilla,Field Sparrow,0.8507,D:\AcousticMonitoringData\ELDON7_Data\Week25\ELDON7_20250705_055402.wav
3441.0,3444.0,Spizella pusilla,Field Sparrow,0.1105,D:\AcousticMonitoringData\ELDON7_Data\Week25\ELDON7_20250705_055402.wav
3444.0,3447.0,Geothlypis trichas,Common Yellowthroat,0.0582,D:\AcousticMonitoringData\ELDON7_Data\Week25\ELDON7_20250705_055402.wav
3450.0,3453.0,Spizella pusilla,Field Sparrow,0.3863,D:\AcousticMonitoringData\ELDON7_Data\Week25\ELDON7_20250705_055402.wav
3453.0,3456.0,Spizella pusilla,Field Sparrow,0.5219,D:\AcousticMonitoringData\ELDON7_Data\Week25\ELDON7_20250705_055402.wav
3459.0,3462.0,Spizella pusilla,Field Sparrow,0.0741,D:\AcousticMonitoringData\ELDON7_Data\Week25\ELDON7_20250705_055402.wav
3459.0,3462.0,Geothlypis trichas,Common Yellowthroat,0.0530,D:\AcousticMonitoringData\ELDON7_Data\Week25\ELDON7_20250705_055402.wav
3462.0,3465.0,Spizella pusilla,Field Sparrow,0.1129,D:\AcousticMonitoringData\ELDON7_Data\Week25\ELDON7_20250705_055402.wav
3468.0,3471.0,Spizella pusilla,Field Sparrow,0.2046,D:\AcousticMonitoringData\ELDON7_Data\Week25\ELDON7_20250705_055402.wav
3474.0,3477.0,Spizella pusilla,Field Sparrow,0.3596,D:\AcousticMonitoringData\ELDON7_Data\Week25\ELDON7_20250705_055402.wav
3477.0,3480.0,Geothlypis trichas,Common Yellowthroat,0.1101,D:\AcousticMonitoringData\ELDON7_Data\Week25\ELDON7_20250705_055402.wav
3483.0,3486.0,Spizella pusilla,Field Sparrow,0.7612,D:\AcousticMonitoringData\ELDON7_Data\Week25\ELDON7_20250705_055402.wav
3486.0,3489.0,Spizella pusilla,Field Sparrow,0.0626,D:\AcousticMonitoringData\ELDON7_Data\Week25\ELDON7_20250705_055402.wav
3486.0,3489.0,Geothlypis trichas,Common Yellowthroat,0.0569,D:\AcousticMonitoringData\ELDON7_Data\Week25\ELDON7_20250705_055402.wav
3495.0,3498.0,Spizella pusilla,Field Sparrow,0.3673,D:\AcousticMonitoringData\ELDON7_Data\Week25\ELDON7_20250705_055402.wav
3498.0,3501.0,Spizella pusilla,Field Sparrow,0.7043,D:\AcousticMonitoringData\ELDON7_Data\Week25\ELDON7_20250705_055402.wav
3501.0,3504.0,Spizella pusilla,Field Sparrow,0.0816,D:\AcousticMonitoringData\ELDON7_Data\Week25\ELDON7_20250705_055402.wav
3504.0,3507.0,Spizella pusilla,Field Sparrow,0.0589,D:\AcousticMonitoringData\ELDON7_Data\Week25\ELDON7_20250705_055402.wav
3510.0,3513.0,Geothlypis trichas,Common Yellowthroat,0.1245,D:\AcousticMonitoringData\ELDON7_Data\Week25\ELDON7_20250705_055402.wav
3510.0,3513.0,Spizella pusilla,Field Sparrow,0.0632,D:\AcousticMonitoringData\ELDON7_Data\Week25\ELDON7_20250705_055402.wav
3513.0,3516.0,Spizella pusilla,Field Sparrow,0.5574,D:\AcousticMonitoringData\ELDON7_Data\Week25\ELDON7_20250705_055402.wav
3522.0,3525.0,Geothlypis trichas,Common Yellowthroat,0.0637,D:\AcousticMonitoringData\ELDON7_Data\Week25\ELDON7_20250705_055402.wav
3522.0,3525.0,Spizella pusilla,Field Sparrow,0.0635,D:\AcousticMonitoringData\ELDON7_Data\Week25\ELDON7_20250705_055402.wav
3525.0,3528.0,Spizella pusilla,Field Sparrow,0.0834,D:\AcousticMonitoringData\ELDON7_Data\Week25\ELDON7_20250705_055402.wav
3525.0,3528.0,Geothlypis trichas,Common Yellowthroat,0.0607,D:\AcousticMonitoringData\ELDON7_Data\Week25\ELDON7_20250705_055402.wav
3528.0,3531.0,Spizella pusilla,Field Sparrow,0.0969,D:\AcousticMonitoringData\ELDON7_Data\Week25\ELDON7_20250705_055402.wav
3531.0,3534.0,Spizella pusilla,Field Sparrow,0.1192,D:\AcousticMonitoringData\ELDON7_Data\Week25\ELDON7_20250705_055402.wav
3537.0,3540.0,Spizella pusilla,Field Sparrow,0.0641,D:\AcousticMonitoringData\ELDON7_Data\Week25\ELDON7_20250705_055402.wav
3543.0,3546.0,Spizella pusilla,Field Sparrow,0.9133,D:\AcousticMonitoringData\ELDON7_Data\Week25\ELDON7_20250705_055402.wav
3546.0,3549.0,Spizella pusilla,Field Sparrow,0.8274,D:\AcousticMonitoringData\ELDON7_Data\Week25\ELDON7_20250705_055402.wav
3549.0,3552.0,Geothlypis trichas,Common Yellowthroat,0.0855,D:\AcousticMonitoringData\ELDON7_Data\Week25\ELDON7_20250705_055402.wav
3558.0,3561.0,Spizella pusilla,Field Sparrow,0.6669,D:\AcousticMonitoringData\ELDON7_Data\Week25\ELDON7_20250705_055402.wav
3561.0,3564.0,Spizella pusilla,Field Sparrow,0.3729,D:\AcousticMonitoringData\ELDON7_Data\Week25\ELDON7_20250705_055402.wav
3567.0,3570.0,Geothlypis trichas,Common Yellowthroat,0.0675,D:\AcousticMonitoringData\ELDON7_Data\Week25\ELDON7_20250705_055402.wav
3567.0,3570.0,Spizella pusilla,Field Sparrow,0.0505,D:\AcousticMonitoringData\ELDON7_Data\Week25\ELDON7_20250705_055402.wav
3570.0,3573.0,Spizella pusilla,Field Sparrow,0.0714,D:\AcousticMonitoringData\ELDON7_Data\Week25\ELDON7_20250705_055402.wav
3573.0,3576.0,Spizella pusilla,Field Sparrow,0.7051,D:\AcousticMonitoringData\ELDON7_Data\Week25\ELDON7_20250705_055402.wav
3585.0,3588.0,Spizella pusilla,Field Sparrow,0.4320,D:\AcousticMonitoringData\ELDON7_Data\Week25\ELDON7_20250705_055402.wav
3588.0,3591.0,Spizella pusilla,Field Sparrow,0.5735,D:\AcousticMonitoringData\ELDON7_Data\Week25\ELDON7_20250705_055402.wav
3591.0,3594.0,Geothlypis trichas,Common Yellowthroat,0.1123,D:\AcousticMonitoringData\ELDON7_Data\Week25\ELDON7_20250705_055402.wav
3594.0,3597.0,Spizella pusilla,Field Sparrow,0.0553,D:\AcousticMonitoringData\ELDON7_Data\Week25\ELDON7_20250705_055402.wav
3600.0,3602.89,Spizella pusilla,Field Sparrow,0.1926,D:\AcousticMonitoringData\ELDON7_Data\Week25\ELDON7_20250705_055402.wav
