Start (s),End (s),Scientific name,Common name,Confidence,File,Date
255,258,Geothlypis trichas,Common Yellowthroat,0.1098,D:\AcousticMonitoringData\ELDON5_Data\Week26\ELDON5_20250710_045700.wav,20250710
495,498,Geothlypis trichas,Common Yellowthroat,0.1072,D:\AcousticMonitoringData\ELDON5_Data\Week26\ELDON5_20250710_045700.wav,20250710
498,501,Geothlypis trichas,Common Yellowthroat,0.1919,D:\AcousticMonitoringData\ELDON5_Data\Week26\ELDON5_20250710_045700.wav,20250710
564,567,Passerina caerulea,Blue Grosbeak,0.0578,D:\AcousticMonitoringData\ELDON5_Data\Week26\ELDON5_20250710_045700.wav,20250710
783,786,Passerina caerulea,Blue Grosbeak,0.0781,D:\AcousticMonitoringData\ELDON5_Data\Week26\ELDON5_20250710_045700.wav,20250710
792,795,Geothlypis trichas,Common Yellowthroat,0.1134,D:\AcousticMonitoringData\ELDON5_Data\Week26\ELDON5_20250710_045700.wav,20250710
792,795,Passerina caerulea,Blue Grosbeak,0.0701,D:\AcousticMonitoringData\ELDON5_Data\Week26\ELDON5_20250710_045700.wav,20250710
795,798,Passerina caerulea,Blue Grosbeak,0.1681,D:\AcousticMonitoringData\ELDON5_Data\Week26\ELDON5_20250710_045700.wav,20250710
813,816,Geothlypis trichas,Common Yellowthroat,0.097,D:\AcousticMonitoringData\ELDON5_Data\Week26\ELDON5_20250710_045700.wav,20250710
822,825,Geothlypis trichas,Common Yellowthroat,0.0627,D:\AcousticMonitoringData\ELDON5_Data\Week26\ELDON5_20250710_045700.wav,20250710
825,828,Passerina caerulea,Blue Grosbeak,0.0634,D:\AcousticMonitoringData\ELDON5_Data\Week26\ELDON5_20250710_045700.wav,20250710
828,831,Passerina caerulea,Blue Grosbeak,0.1339,D:\AcousticMonitoringData\ELDON5_Data\Week26\ELDON5_20250710_045700.wav,20250710
828,831,Geothlypis trichas,Common Yellowthroat,0.0954,D:\AcousticMonitoringData\ELDON5_Data\Week26\ELDON5_20250710_045700.wav,20250710
837,840,Geothlypis trichas,Common Yellowthroat,0.0846,D:\AcousticMonitoringData\ELDON5_Data\Week26\ELDON5_20250710_045700.wav,20250710
846,849,Geothlypis trichas,Common Yellowthroat,0.0826,D:\AcousticMonitoringData\ELDON5_Data\Week26\ELDON5_20250710_045700.wav,20250710
858,861,Passerina caerulea,Blue Grosbeak,0.0683,D:\AcousticMonitoringData\ELDON5_Data\Week26\ELDON5_20250710_045700.wav,20250710
858,861,Geothlypis trichas,Common Yellowthroat,0.0534,D:\AcousticMonitoringData\ELDON5_Data\Week26\ELDON5_20250710_045700.wav,20250710
861,864,Geothlypis trichas,Common Yellowthroat,0.0577,D:\AcousticMonitoringData\ELDON5_Data\Week26\ELDON5_20250710_045700.wav,20250710
864,867,Passerina caerulea,Blue Grosbeak,0.0797,D:\AcousticMonitoringData\ELDON5_Data\Week26\ELDON5_20250710_045700.wav,20250710
870,873,Passerina caerulea,Blue Grosbeak,0.0638,D:\AcousticMonitoringData\ELDON5_Data\Week26\ELDON5_20250710_045700.wav,20250710
873,876,Passerina caerulea,Blue Grosbeak,0.0733,D:\AcousticMonitoringData\ELDON5_Data\Week26\ELDON5_20250710_045700.wav,20250710
885,888,Passerina caerulea,Blue Grosbeak,0.076,D:\AcousticMonitoringData\ELDON5_Data\Week26\ELDON5_20250710_045700.wav,20250710
885,888,Geothlypis trichas,Common Yellowthroat,0.0539,D:\AcousticMonitoringData\ELDON5_Data\Week26\ELDON5_20250710_045700.wav,20250710
891,894,Geothlypis trichas,Common Yellowthroat,0.0698,D:\AcousticMonitoringData\ELDON5_Data\Week26\ELDON5_20250710_045700.wav,20250710
900,903,Geothlypis trichas,Common Yellowthroat,0.0819,D:\AcousticMonitoringData\ELDON5_Data\Week26\ELDON5_20250710_045700.wav,20250710
915,918,Geothlypis trichas,Common Yellowthroat,0.1035,D:\AcousticMonitoringData\ELDON5_Data\Week26\ELDON5_20250710_045700.wav,20250710
918,921,Geothlypis trichas,Common Yellowthroat,0.3172,D:\AcousticMonitoringData\ELDON5_Data\Week26\ELDON5_20250710_045700.wav,20250710
927,930,Passerina caerulea,Blue Grosbeak,0.0738,D:\AcousticMonitoringData\ELDON5_Data\Week26\ELDON5_20250710_045700.wav,20250710
930,933,Geothlypis trichas,Common Yellowthroat,0.0711,D:\AcousticMonitoringData\ELDON5_Data\Week26\ELDON5_20250710_045700.wav,20250710
939,942,Passerina caerulea,Blue Grosbeak,0.3088,D:\AcousticMonitoringData\ELDON5_Data\Week26\ELDON5_20250710_045700.wav,20250710
942,945,Geothlypis trichas,Common Yellowthroat,0.0585,D:\AcousticMonitoringData\ELDON5_Data\Week26\ELDON5_20250710_045700.wav,20250710
948,951,Passerina caerulea,Blue Grosbeak,0.0683,D:\AcousticMonitoringData\ELDON5_Data\Week26\ELDON5_20250710_045700.wav,20250710
951,954,Geothlypis trichas,Common Yellowthroat,0.0644,D:\AcousticMonitoringData\ELDON5_Data\Week26\ELDON5_20250710_045700.wav,20250710
957,960,Geothlypis trichas,Common Yellowthroat,0.0635,D:\AcousticMonitoringData\ELDON5_Data\Week26\ELDON5_20250710_045700.wav,20250710
957,960,Passerina caerulea,Blue Grosbeak,0.0532,D:\AcousticMonitoringData\ELDON5_Data\Week26\ELDON5_20250710_045700.wav,20250710
960,963,Passerina caerulea,Blue Grosbeak,0.0609,D:\AcousticMonitoringData\ELDON5_Data\Week26\ELDON5_20250710_045700.wav,20250710
963,966,Geothlypis trichas,Common Yellowthroat,0.142,D:\AcousticMonitoringData\ELDON5_Data\Week26\ELDON5_20250710_045700.wav,20250710
969,972,Passerina caerulea,Blue Grosbeak,0.0595,D:\AcousticMonitoringData\ELDON5_Data\Week26\ELDON5_20250710_045700.wav,20250710
969,972,Geothlypis trichas,Common Yellowthroat,0.0538,D:\AcousticMonitoringData\ELDON5_Data\Week26\ELDON5_20250710_045700.wav,20250710
975,978,Passerina caerulea,Blue Grosbeak,0.1177,D:\AcousticMonitoringData\ELDON5_Data\Week26\ELDON5_20250710_045700.wav,20250710
978,981,Geothlypis trichas,Common Yellowthroat,0.2365,D:\AcousticMonitoringData\ELDON5_Data\Week26\ELDON5_20250710_045700.wav,20250710
981,984,Passerina caerulea,Blue Grosbeak,0.0588,D:\AcousticMonitoringData\ELDON5_Data\Week26\ELDON5_20250710_045700.wav,20250710
984,987,Passerina caerulea,Blue Grosbeak,0.1291,D:\AcousticMonitoringData\ELDON5_Data\Week26\ELDON5_20250710_045700.wav,20250710
987,990,Passerina caerulea,Blue Grosbeak,0.1155,D:\AcousticMonitoringData\ELDON5_Data\Week26\ELDON5_20250710_045700.wav,20250710
987,990,Spizella pusilla,Field Sparrow,0.0542,D:\AcousticMonitoringData\ELDON5_Data\Week26\ELDON5_20250710_045700.wav,20250710
990,993,Sturnella magna,Eastern Meadowlark,0.0828,D:\AcousticMonitoringData\ELDON5_Data\Week26\ELDON5_20250710_045700.wav,20250710
990,993,Passerina caerulea,Blue Grosbeak,0.0561,D:\AcousticMonitoringData\ELDON5_Data\Week26\ELDON5_20250710_045700.wav,20250710
993,996,Geothlypis trichas,Common Yellowthroat,0.0636,D:\AcousticMonitoringData\ELDON5_Data\Week26\ELDON5_20250710_045700.wav,20250710
996,999,Passerina caerulea,Blue Grosbeak,0.068,D:\AcousticMonitoringData\ELDON5_Data\Week26\ELDON5_20250710_045700.wav,20250710
999,1002,Spizella pusilla,Field Sparrow,0.1048,D:\AcousticMonitoringData\ELDON5_Data\Week26\ELDON5_20250710_045700.wav,20250710
999,1002,Passerina caerulea,Blue Grosbeak,0.0548,D:\AcousticMonitoringData\ELDON5_Data\Week26\ELDON5_20250710_045700.wav,20250710
1002,1005,Spizella pusilla,Field Sparrow,0.063,D:\AcousticMonitoringData\ELDON5_Data\Week26\ELDON5_20250710_045700.wav,20250710
1002,1005,Geothlypis trichas,Common Yellowthroat,0.0513,D:\AcousticMonitoringData\ELDON5_Data\Week26\ELDON5_20250710_045700.wav,20250710
1002,1005,Passerina caerulea,Blue Grosbeak,0.0513,D:\AcousticMonitoringData\ELDON5_Data\Week26\ELDON5_20250710_045700.wav,20250710
1008,1011,Passerina caerulea,Blue Grosbeak,0.0589,D:\AcousticMonitoringData\ELDON5_Data\Week26\ELDON5_20250710_045700.wav,20250710
1008,1011,Geothlypis trichas,Common Yellowthroat,0.0515,D:\AcousticMonitoringData\ELDON5_Data\Week26\ELDON5_20250710_045700.wav,20250710
1017,1020,Passerina caerulea,Blue Grosbeak,0.0636,D:\AcousticMonitoringData\ELDON5_Data\Week26\ELDON5_20250710_045700.wav,20250710
1017,1020,Geothlypis trichas,Common Yellowthroat,0.053,D:\AcousticMonitoringData\ELDON5_Data\Week26\ELDON5_20250710_045700.wav,20250710
1020,1023,Passerina caerulea,Blue Grosbeak,0.0908,D:\AcousticMonitoringData\ELDON5_Data\Week26\ELDON5_20250710_045700.wav,20250710
1023,1026,Passerina caerulea,Blue Grosbeak,0.1385,D:\AcousticMonitoringData\ELDON5_Data\Week26\ELDON5_20250710_045700.wav,20250710
1023,1026,Spizella pusilla,Field Sparrow,0.0622,D:\AcousticMonitoringData\ELDON5_Data\Week26\ELDON5_20250710_045700.wav,20250710
1026,1029,Passerina caerulea,Blue Grosbeak,0.0793,D:\AcousticMonitoringData\ELDON5_Data\Week26\ELDON5_20250710_045700.wav,20250710
1029,1032,Passerina caerulea,Blue Grosbeak,0.0915,D:\AcousticMonitoringData\ELDON5_Data\Week26\ELDON5_20250710_045700.wav,20250710
1032,1035,Passerina caerulea,Blue Grosbeak,0.0718,D:\AcousticMonitoringData\ELDON5_Data\Week26\ELDON5_20250710_045700.wav,20250710
1041,1044,Passerina caerulea,Blue Grosbeak,0.0845,D:\AcousticMonitoringData\ELDON5_Data\Week26\ELDON5_20250710_045700.wav,20250710
1044,1047,Geothlypis trichas,Common Yellowthroat,0.0847,D:\AcousticMonitoringData\ELDON5_Data\Week26\ELDON5_20250710_045700.wav,20250710
1044,1047,Passerina caerulea,Blue Grosbeak,0.0724,D:\AcousticMonitoringData\ELDON5_Data\Week26\ELDON5_20250710_045700.wav,20250710
1047,1050,Passerina caerulea,Blue Grosbeak,0.0529,D:\AcousticMonitoringData\ELDON5_Data\Week26\ELDON5_20250710_045700.wav,20250710
1050,1053,Passerina caerulea,Blue Grosbeak,0.4485,D:\AcousticMonitoringData\ELDON5_Data\Week26\ELDON5_20250710_045700.wav,20250710
1053,1056,Geothlypis trichas,Common Yellowthroat,0.0663,D:\AcousticMonitoringData\ELDON5_Data\Week26\ELDON5_20250710_045700.wav,20250710
1056,1059,Passerina caerulea,Blue Grosbeak,0.0552,D:\AcousticMonitoringData\ELDON5_Data\Week26\ELDON5_20250710_045700.wav,20250710
1059,1062,Passerina caerulea,Blue Grosbeak,0.1194,D:\AcousticMonitoringData\ELDON5_Data\Week26\ELDON5_20250710_045700.wav,20250710
1062,1065,Passerina caerulea,Blue Grosbeak,0.1485,D:\AcousticMonitoringData\ELDON5_Data\Week26\ELDON5_20250710_045700.wav,20250710
1068,1071,Passerina caerulea,Blue Grosbeak,0.1234,D:\AcousticMonitoringData\ELDON5_Data\Week26\ELDON5_20250710_045700.wav,20250710
1071,1074,Passerina caerulea,Blue Grosbeak,0.1421,D:\AcousticMonitoringData\ELDON5_Data\Week26\ELDON5_20250710_045700.wav,20250710
1074,1077,Passerina caerulea,Blue Grosbeak,0.0872,D:\AcousticMonitoringData\ELDON5_Data\Week26\ELDON5_20250710_045700.wav,20250710
1077,1080,Sturnella magna,Eastern Meadowlark,0.0698,D:\AcousticMonitoringData\ELDON5_Data\Week26\ELDON5_20250710_045700.wav,20250710
1077,1080,Geothlypis trichas,Common Yellowthroat,0.0686,D:\AcousticMonitoringData\ELDON5_Data\Week26\ELDON5_20250710_045700.wav,20250710
1080,1083,Passerina caerulea,Blue Grosbeak,0.1266,D:\AcousticMonitoringData\ELDON5_Data\Week26\ELDON5_20250710_045700.wav,20250710
1080,1083,Geothlypis trichas,Common Yellowthroat,0.098,D:\AcousticMonitoringData\ELDON5_Data\Week26\ELDON5_20250710_045700.wav,20250710
1083,1086,Passerina caerulea,Blue Grosbeak,0.0698,D:\AcousticMonitoringData\ELDON5_Data\Week26\ELDON5_20250710_045700.wav,20250710
1086,1089,Geothlypis trichas,Common Yellowthroat,0.0867,D:\AcousticMonitoringData\ELDON5_Data\Week26\ELDON5_20250710_045700.wav,20250710
1086,1089,Sturnella magna,Eastern Meadowlark,0.0583,D:\AcousticMonitoringData\ELDON5_Data\Week26\ELDON5_20250710_045700.wav,20250710
1089,1092,Sturnella magna,Eastern Meadowlark,0.0606,D:\AcousticMonitoringData\ELDON5_Data\Week26\ELDON5_20250710_045700.wav,20250710
1089,1092,Passerina caerulea,Blue Grosbeak,0.0587,D:\AcousticMonitoringData\ELDON5_Data\Week26\ELDON5_20250710_045700.wav,20250710
1092,1095,Geothlypis trichas,Common Yellowthroat,0.1624,D:\AcousticMonitoringData\ELDON5_Data\Week26\ELDON5_20250710_045700.wav,20250710
1092,1095,Passerina caerulea,Blue Grosbeak,0.0527,D:\AcousticMonitoringData\ELDON5_Data\Week26\ELDON5_20250710_045700.wav,20250710
1095,1098,Sturnella magna,Eastern Meadowlark,0.0657,D:\AcousticMonitoringData\ELDON5_Data\Week26\ELDON5_20250710_045700.wav,20250710
1098,1101,Sturnella magna,Eastern Meadowlark,0.0744,D:\AcousticMonitoringData\ELDON5_Data\Week26\ELDON5_20250710_045700.wav,20250710
1104,1107,Geothlypis trichas,Common Yellowthroat,0.067,D:\AcousticMonitoringData\ELDON5_Data\Week26\ELDON5_20250710_045700.wav,20250710
1107,1110,Geothlypis trichas,Common Yellowthroat,0.0996,D:\AcousticMonitoringData\ELDON5_Data\Week26\ELDON5_20250710_045700.wav,20250710
1113,1116,Passerina caerulea,Blue Grosbeak,0.0598,D:\AcousticMonitoringData\ELDON5_Data\Week26\ELDON5_20250710_045700.wav,20250710
1113,1116,Sturnella magna,Eastern Meadowlark,0.05,D:\AcousticMonitoringData\ELDON5_Data\Week26\ELDON5_20250710_045700.wav,20250710
1119,1122,Passerina caerulea,Blue Grosbeak,0.088,D:\AcousticMonitoringData\ELDON5_Data\Week26\ELDON5_20250710_045700.wav,20250710
1119,1122,Spizella pusilla,Field Sparrow,0.0854,D:\AcousticMonitoringData\ELDON5_Data\Week26\ELDON5_20250710_045700.wav,20250710
1125,1128,Spizella pusilla,Field Sparrow,0.052,D:\AcousticMonitoringData\ELDON5_Data\Week26\ELDON5_20250710_045700.wav,20250710
1128,1131,Spizella pusilla,Field Sparrow,0.27,D:\AcousticMonitoringData\ELDON5_Data\Week26\ELDON5_20250710_045700.wav,20250710
1128,1131,Sturnella magna,Eastern Meadowlark,0.1063,D:\AcousticMonitoringData\ELDON5_Data\Week26\ELDON5_20250710_045700.wav,20250710
1131,1134,Spizella pusilla,Field Sparrow,0.333,D:\AcousticMonitoringData\ELDON5_Data\Week26\ELDON5_20250710_045700.wav,20250710
1131,1134,Sturnella magna,Eastern Meadowlark,0.0742,D:\AcousticMonitoringData\ELDON5_Data\Week26\ELDON5_20250710_045700.wav,20250710
1134,1137,Passerina caerulea,Blue Grosbeak,0.051,D:\AcousticMonitoringData\ELDON5_Data\Week26\ELDON5_20250710_045700.wav,20250710
1140,1143,Passerina caerulea,Blue Grosbeak,0.058,D:\AcousticMonitoringData\ELDON5_Data\Week26\ELDON5_20250710_045700.wav,20250710
1143,1146,Passerina caerulea,Blue Grosbeak,0.0519,D:\AcousticMonitoringData\ELDON5_Data\Week26\ELDON5_20250710_045700.wav,20250710
1143,1146,Sturnella magna,Eastern Meadowlark,0.0501,D:\AcousticMonitoringData\ELDON5_Data\Week26\ELDON5_20250710_045700.wav,20250710
1146,1149,Sturnella magna,Eastern Meadowlark,0.0715,D:\AcousticMonitoringData\ELDON5_Data\Week26\ELDON5_20250710_045700.wav,20250710
1146,1149,Passerina caerulea,Blue Grosbeak,0.0615,D:\AcousticMonitoringData\ELDON5_Data\Week26\ELDON5_20250710_045700.wav,20250710
1149,1152,Passerina caerulea,Blue Grosbeak,0.0818,D:\AcousticMonitoringData\ELDON5_Data\Week26\ELDON5_20250710_045700.wav,20250710
1149,1152,Sturnella magna,Eastern Meadowlark,0.0592,D:\AcousticMonitoringData\ELDON5_Data\Week26\ELDON5_20250710_045700.wav,20250710
1152,1155,Geothlypis trichas,Common Yellowthroat,0.0703,D:\AcousticMonitoringData\ELDON5_Data\Week26\ELDON5_20250710_045700.wav,20250710
1152,1155,Passerina caerulea,Blue Grosbeak,0.0575,D:\AcousticMonitoringData\ELDON5_Data\Week26\ELDON5_20250710_045700.wav,20250710
1161,1164,Passerina caerulea,Blue Grosbeak,0.0724,D:\AcousticMonitoringData\ELDON5_Data\Week26\ELDON5_20250710_045700.wav,20250710
1161,1164,Sturnella magna,Eastern Meadowlark,0.06,D:\AcousticMonitoringData\ELDON5_Data\Week26\ELDON5_20250710_045700.wav,20250710
1164,1167,Spizella pusilla,Field Sparrow,0.0981,D:\AcousticMonitoringData\ELDON5_Data\Week26\ELDON5_20250710_045700.wav,20250710
1164,1167,Passerina caerulea,Blue Grosbeak,0.0794,D:\AcousticMonitoringData\ELDON5_Data\Week26\ELDON5_20250710_045700.wav,20250710
1167,1170,Geothlypis trichas,Common Yellowthroat,0.1367,D:\AcousticMonitoringData\ELDON5_Data\Week26\ELDON5_20250710_045700.wav,20250710
1170,1173,Geothlypis trichas,Common Yellowthroat,0.0603,D:\AcousticMonitoringData\ELDON5_Data\Week26\ELDON5_20250710_045700.wav,20250710
1170,1173,Passerina caerulea,Blue Grosbeak,0.0593,D:\AcousticMonitoringData\ELDON5_Data\Week26\ELDON5_20250710_045700.wav,20250710
1170,1173,Sturnella magna,Eastern Meadowlark,0.0544,D:\AcousticMonitoringData\ELDON5_Data\Week26\ELDON5_20250710_045700.wav,20250710
1173,1176,Sturnella magna,Eastern Meadowlark,0.0573,D:\AcousticMonitoringData\ELDON5_Data\Week26\ELDON5_20250710_045700.wav,20250710
1176,1179,Spizella pusilla,Field Sparrow,0.0753,D:\AcousticMonitoringData\ELDON5_Data\Week26\ELDON5_20250710_045700.wav,20250710
1176,1179,Passerina caerulea,Blue Grosbeak,0.0682,D:\AcousticMonitoringData\ELDON5_Data\Week26\ELDON5_20250710_045700.wav,20250710
1179,1182,Sturnella magna,Eastern Meadowlark,0.0658,D:\AcousticMonitoringData\ELDON5_Data\Week26\ELDON5_20250710_045700.wav,20250710
1179,1182,Passerina caerulea,Blue Grosbeak,0.0616,D:\AcousticMonitoringData\ELDON5_Data\Week26\ELDON5_20250710_045700.wav,20250710
1182,1185,Geothlypis trichas,Common Yellowthroat,0.0644,D:\AcousticMonitoringData\ELDON5_Data\Week26\ELDON5_20250710_045700.wav,20250710
1182,1185,Spizella pusilla,Field Sparrow,0.0504,D:\AcousticMonitoringData\ELDON5_Data\Week26\ELDON5_20250710_045700.wav,20250710
1185,1188,Passerina caerulea,Blue Grosbeak,0.0706,D:\AcousticMonitoringData\ELDON5_Data\Week26\ELDON5_20250710_045700.wav,20250710
1188,1191,Geothlypis trichas,Common Yellowthroat,0.0745,D:\AcousticMonitoringData\ELDON5_Data\Week26\ELDON5_20250710_045700.wav,20250710
1191,1194,Sturnella magna,Eastern Meadowlark,0.0816,D:\AcousticMonitoringData\ELDON5_Data\Week26\ELDON5_20250710_045700.wav,20250710
1191,1194,Spizella pusilla,Field Sparrow,0.0712,D:\AcousticMonitoringData\ELDON5_Data\Week26\ELDON5_20250710_045700.wav,20250710
1197,1200,Passerina caerulea,Blue Grosbeak,0.1001,D:\AcousticMonitoringData\ELDON5_Data\Week26\ELDON5_20250710_045700.wav,20250710
1197,1200,Spizella pusilla,Field Sparrow,0.0961,D:\AcousticMonitoringData\ELDON5_Data\Week26\ELDON5_20250710_045700.wav,20250710
1200,1203,Sturnella magna,Eastern Meadowlark,0.0846,D:\AcousticMonitoringData\ELDON5_Data\Week26\ELDON5_20250710_045700.wav,20250710
1200,1203,Passerina caerulea,Blue Grosbeak,0.0556,D:\AcousticMonitoringData\ELDON5_Data\Week26\ELDON5_20250710_045700.wav,20250710
1203,1206,Sturnella magna,Eastern Meadowlark,0.1323,D:\AcousticMonitoringData\ELDON5_Data\Week26\ELDON5_20250710_045700.wav,20250710
1203,1206,Spizella pusilla,Field Sparrow,0.0655,D:\AcousticMonitoringData\ELDON5_Data\Week26\ELDON5_20250710_045700.wav,20250710
1203,1206,Passerina caerulea,Blue Grosbeak,0.0543,D:\AcousticMonitoringData\ELDON5_Data\Week26\ELDON5_20250710_045700.wav,20250710
1206,1209,Passerina caerulea,Blue Grosbeak,0.1324,D:\AcousticMonitoringData\ELDON5_Data\Week26\ELDON5_20250710_045700.wav,20250710
1206,1209,Spizella pusilla,Field Sparrow,0.0812,D:\AcousticMonitoringData\ELDON5_Data\Week26\ELDON5_20250710_045700.wav,20250710
1209,1212,Geothlypis trichas,Common Yellowthroat,0.1554,D:\AcousticMonitoringData\ELDON5_Data\Week26\ELDON5_20250710_045700.wav,20250710
1209,1212,Spizella pusilla,Field Sparrow,0.0554,D:\AcousticMonitoringData\ELDON5_Data\Week26\ELDON5_20250710_045700.wav,20250710
1212,1215,Passerina caerulea,Blue Grosbeak,0.2232,D:\AcousticMonitoringData\ELDON5_Data\Week26\ELDON5_20250710_045700.wav,20250710
1215,1218,Passerina caerulea,Blue Grosbeak,0.1011,D:\AcousticMonitoringData\ELDON5_Data\Week26\ELDON5_20250710_045700.wav,20250710
1215,1218,Spizella pusilla,Field Sparrow,0.0593,D:\AcousticMonitoringData\ELDON5_Data\Week26\ELDON5_20250710_045700.wav,20250710
1227,1230,Geothlypis trichas,Common Yellowthroat,0.072,D:\AcousticMonitoringData\ELDON5_Data\Week26\ELDON5_20250710_045700.wav,20250710
1236,1239,Geothlypis trichas,Common Yellowthroat,0.063,D:\AcousticMonitoringData\ELDON5_Data\Week26\ELDON5_20250710_045700.wav,20250710
1236,1239,Passerina caerulea,Blue Grosbeak,0.052,D:\AcousticMonitoringData\ELDON5_Data\Week26\ELDON5_20250710_045700.wav,20250710
1248,1251,Passerina caerulea,Blue Grosbeak,0.1395,D:\AcousticMonitoringData\ELDON5_Data\Week26\ELDON5_20250710_045700.wav,20250710
1248,1251,Geothlypis trichas,Common Yellowthroat,0.0605,D:\AcousticMonitoringData\ELDON5_Data\Week26\ELDON5_20250710_045700.wav,20250710
1263,1266,Passerina caerulea,Blue Grosbeak,0.0804,D:\AcousticMonitoringData\ELDON5_Data\Week26\ELDON5_20250710_045700.wav,20250710
1269,1272,Sturnella magna,Eastern Meadowlark,0.0852,D:\AcousticMonitoringData\ELDON5_Data\Week26\ELDON5_20250710_045700.wav,20250710
1272,1275,Geothlypis trichas,Common Yellowthroat,0.175,D:\AcousticMonitoringData\ELDON5_Data\Week26\ELDON5_20250710_045700.wav,20250710
1275,1278,Passerina caerulea,Blue Grosbeak,0.0575,D:\AcousticMonitoringData\ELDON5_Data\Week26\ELDON5_20250710_045700.wav,20250710
1275,1278,Spizella pusilla,Field Sparrow,0.0564,D:\AcousticMonitoringData\ELDON5_Data\Week26\ELDON5_20250710_045700.wav,20250710
1287,1290,Passerina caerulea,Blue Grosbeak,0.0835,D:\AcousticMonitoringData\ELDON5_Data\Week26\ELDON5_20250710_045700.wav,20250710
1299,1302,Passerina caerulea,Blue Grosbeak,0.0637,D:\AcousticMonitoringData\ELDON5_Data\Week26\ELDON5_20250710_045700.wav,20250710
1305,1308,Sturnella magna,Eastern Meadowlark,0.0689,D:\AcousticMonitoringData\ELDON5_Data\Week26\ELDON5_20250710_045700.wav,20250710
1308,1311,Spizella pusilla,Field Sparrow,0.0776,D:\AcousticMonitoringData\ELDON5_Data\Week26\ELDON5_20250710_045700.wav,20250710
1308,1311,Passerina caerulea,Blue Grosbeak,0.0516,D:\AcousticMonitoringData\ELDON5_Data\Week26\ELDON5_20250710_045700.wav,20250710
1323,1326,Spizella pusilla,Field Sparrow,0.0538,D:\AcousticMonitoringData\ELDON5_Data\Week26\ELDON5_20250710_045700.wav,20250710
1326,1329,Passerina caerulea,Blue Grosbeak,0.0527,D:\AcousticMonitoringData\ELDON5_Data\Week26\ELDON5_20250710_045700.wav,20250710
1329,1332,Spizella pusilla,Field Sparrow,0.0608,D:\AcousticMonitoringData\ELDON5_Data\Week26\ELDON5_20250710_045700.wav,20250710
1338,1341,Passerina caerulea,Blue Grosbeak,0.0539,D:\AcousticMonitoringData\ELDON5_Data\Week26\ELDON5_20250710_045700.wav,20250710
1341,1344,Spizella pusilla,Field Sparrow,0.0674,D:\AcousticMonitoringData\ELDON5_Data\Week26\ELDON5_20250710_045700.wav,20250710
1341,1344,Sturnella magna,Eastern Meadowlark,0.056,D:\AcousticMonitoringData\ELDON5_Data\Week26\ELDON5_20250710_045700.wav,20250710
1344,1347,Sturnella magna,Eastern Meadowlark,0.0621,D:\AcousticMonitoringData\ELDON5_Data\Week26\ELDON5_20250710_045700.wav,20250710
1350,1353,Passerina caerulea,Blue Grosbeak,0.0517,D:\AcousticMonitoringData\ELDON5_Data\Week26\ELDON5_20250710_045700.wav,20250710
1356,1359,Passerina caerulea,Blue Grosbeak,0.0853,D:\AcousticMonitoringData\ELDON5_Data\Week26\ELDON5_20250710_045700.wav,20250710
1359,1362,Passerina caerulea,Blue Grosbeak,0.0663,D:\AcousticMonitoringData\ELDON5_Data\Week26\ELDON5_20250710_045700.wav,20250710
1359,1362,Geothlypis trichas,Common Yellowthroat,0.0522,D:\AcousticMonitoringData\ELDON5_Data\Week26\ELDON5_20250710_045700.wav,20250710
1362,1365,Passerina caerulea,Blue Grosbeak,0.0584,D:\AcousticMonitoringData\ELDON5_Data\Week26\ELDON5_20250710_045700.wav,20250710
1365,1368,Passerina caerulea,Blue Grosbeak,0.0548,D:\AcousticMonitoringData\ELDON5_Data\Week26\ELDON5_20250710_045700.wav,20250710
1368,1371,Passerina caerulea,Blue Grosbeak,0.0612,D:\AcousticMonitoringData\ELDON5_Data\Week26\ELDON5_20250710_045700.wav,20250710
1371,1374,Passerina caerulea,Blue Grosbeak,0.0719,D:\AcousticMonitoringData\ELDON5_Data\Week26\ELDON5_20250710_045700.wav,20250710
1371,1374,Spizella pusilla,Field Sparrow,0.0569,D:\AcousticMonitoringData\ELDON5_Data\Week26\ELDON5_20250710_045700.wav,20250710
1377,1380,Spizella pusilla,Field Sparrow,0.0578,D:\AcousticMonitoringData\ELDON5_Data\Week26\ELDON5_20250710_045700.wav,20250710
1380,1383,Geothlypis trichas,Common Yellowthroat,0.1193,D:\AcousticMonitoringData\ELDON5_Data\Week26\ELDON5_20250710_045700.wav,20250710
1380,1383,Passerina caerulea,Blue Grosbeak,0.0631,D:\AcousticMonitoringData\ELDON5_Data\Week26\ELDON5_20250710_045700.wav,20250710
1383,1386,Geothlypis trichas,Common Yellowthroat,0.0933,D:\AcousticMonitoringData\ELDON5_Data\Week26\ELDON5_20250710_045700.wav,20250710
1383,1386,Sturnella magna,Eastern Meadowlark,0.0811,D:\AcousticMonitoringData\ELDON5_Data\Week26\ELDON5_20250710_045700.wav,20250710
1383,1386,Spizella pusilla,Field Sparrow,0.0555,D:\AcousticMonitoringData\ELDON5_Data\Week26\ELDON5_20250710_045700.wav,20250710
1386,1389,Spizella pusilla,Field Sparrow,0.051,D:\AcousticMonitoringData\ELDON5_Data\Week26\ELDON5_20250710_045700.wav,20250710
1395,1398,Geothlypis trichas,Common Yellowthroat,0.0751,D:\AcousticMonitoringData\ELDON5_Data\Week26\ELDON5_20250710_045700.wav,20250710
1395,1398,Spizella pusilla,Field Sparrow,0.0625,D:\AcousticMonitoringData\ELDON5_Data\Week26\ELDON5_20250710_045700.wav,20250710
1398,1401,Geothlypis trichas,Common Yellowthroat,0.0577,D:\AcousticMonitoringData\ELDON5_Data\Week26\ELDON5_20250710_045700.wav,20250710
1401,1404,Passerina caerulea,Blue Grosbeak,0.106,D:\AcousticMonitoringData\ELDON5_Data\Week26\ELDON5_20250710_045700.wav,20250710
1404,1407,Geothlypis trichas,Common Yellowthroat,0.0589,D:\AcousticMonitoringData\ELDON5_Data\Week26\ELDON5_20250710_045700.wav,20250710
1410,1413,Geothlypis trichas,Common Yellowthroat,0.1135,D:\AcousticMonitoringData\ELDON5_Data\Week26\ELDON5_20250710_045700.wav,20250710
1413,1416,Passerina caerulea,Blue Grosbeak,0.0858,D:\AcousticMonitoringData\ELDON5_Data\Week26\ELDON5_20250710_045700.wav,20250710
1416,1419,Geothlypis trichas,Common Yellowthroat,0.0918,D:\AcousticMonitoringData\ELDON5_Data\Week26\ELDON5_20250710_045700.wav,20250710
1416,1419,Spizella pusilla,Field Sparrow,0.0897,D:\AcousticMonitoringData\ELDON5_Data\Week26\ELDON5_20250710_045700.wav,20250710
1419,1422,Passerina caerulea,Blue Grosbeak,0.0527,D:\AcousticMonitoringData\ELDON5_Data\Week26\ELDON5_20250710_045700.wav,20250710
1422,1425,Passerina caerulea,Blue Grosbeak,0.0823,D:\AcousticMonitoringData\ELDON5_Data\Week26\ELDON5_20250710_045700.wav,20250710
1422,1425,Geothlypis trichas,Common Yellowthroat,0.0752,D:\AcousticMonitoringData\ELDON5_Data\Week26\ELDON5_20250710_045700.wav,20250710
1425,1428,Passerina caerulea,Blue Grosbeak,0.1069,D:\AcousticMonitoringData\ELDON5_Data\Week26\ELDON5_20250710_045700.wav,20250710
1425,1428,Geothlypis trichas,Common Yellowthroat,0.0867,D:\AcousticMonitoringData\ELDON5_Data\Week26\ELDON5_20250710_045700.wav,20250710
1425,1428,Spizella pusilla,Field Sparrow,0.051,D:\AcousticMonitoringData\ELDON5_Data\Week26\ELDON5_20250710_045700.wav,20250710
1428,1431,Geothlypis trichas,Common Yellowthroat,0.069,D:\AcousticMonitoringData\ELDON5_Data\Week26\ELDON5_20250710_045700.wav,20250710
1431,1434,Spizella pusilla,Field Sparrow,0.0633,D:\AcousticMonitoringData\ELDON5_Data\Week26\ELDON5_20250710_045700.wav,20250710
1431,1434,Passerina caerulea,Blue Grosbeak,0.0524,D:\AcousticMonitoringData\ELDON5_Data\Week26\ELDON5_20250710_045700.wav,20250710
1434,1437,Geothlypis trichas,Common Yellowthroat,0.088,D:\AcousticMonitoringData\ELDON5_Data\Week26\ELDON5_20250710_045700.wav,20250710
1437,1440,Passerina caerulea,Blue Grosbeak,0.0626,D:\AcousticMonitoringData\ELDON5_Data\Week26\ELDON5_20250710_045700.wav,20250710
1440,1443,Geothlypis trichas,Common Yellowthroat,0.0667,D:\AcousticMonitoringData\ELDON5_Data\Week26\ELDON5_20250710_045700.wav,20250710
1443,1446,Geothlypis trichas,Common Yellowthroat,0.1115,D:\AcousticMonitoringData\ELDON5_Data\Week26\ELDON5_20250710_045700.wav,20250710
1446,1449,Geothlypis trichas,Common Yellowthroat,0.0644,D:\AcousticMonitoringData\ELDON5_Data\Week26\ELDON5_20250710_045700.wav,20250710
1449,1452,Passerina caerulea,Blue Grosbeak,0.0703,D:\AcousticMonitoringData\ELDON5_Data\Week26\ELDON5_20250710_045700.wav,20250710
1452,1455,Geothlypis trichas,Common Yellowthroat,0.1193,D:\AcousticMonitoringData\ELDON5_Data\Week26\ELDON5_20250710_045700.wav,20250710
1458,1461,Passerina caerulea,Blue Grosbeak,0.0647,D:\AcousticMonitoringData\ELDON5_Data\Week26\ELDON5_20250710_045700.wav,20250710
1464,1467,Geothlypis trichas,Common Yellowthroat,0.0732,D:\AcousticMonitoringData\ELDON5_Data\Week26\ELDON5_20250710_045700.wav,20250710
1467,1470,Sturnella magna,Eastern Meadowlark,0.0674,D:\AcousticMonitoringData\ELDON5_Data\Week26\ELDON5_20250710_045700.wav,20250710
1467,1470,Passerina caerulea,Blue Grosbeak,0.0596,D:\AcousticMonitoringData\ELDON5_Data\Week26\ELDON5_20250710_045700.wav,20250710
1470,1473,Passerina caerulea,Blue Grosbeak,0.0867,D:\AcousticMonitoringData\ELDON5_Data\Week26\ELDON5_20250710_045700.wav,20250710
1476,1479,Geothlypis trichas,Common Yellowthroat,0.0929,D:\AcousticMonitoringData\ELDON5_Data\Week26\ELDON5_20250710_045700.wav,20250710
1479,1482,Passerina caerulea,Blue Grosbeak,0.121,D:\AcousticMonitoringData\ELDON5_Data\Week26\ELDON5_20250710_045700.wav,20250710
1482,1485,Passerina caerulea,Blue Grosbeak,0.0641,D:\AcousticMonitoringData\ELDON5_Data\Week26\ELDON5_20250710_045700.wav,20250710
1494,1497,Passerina caerulea,Blue Grosbeak,0.065,D:\AcousticMonitoringData\ELDON5_Data\Week26\ELDON5_20250710_045700.wav,20250710
1497,1500,Sturnella magna,Eastern Meadowlark,0.0568,D:\AcousticMonitoringData\ELDON5_Data\Week26\ELDON5_20250710_045700.wav,20250710
1500,1503,Passerina caerulea,Blue Grosbeak,0.0938,D:\AcousticMonitoringData\ELDON5_Data\Week26\ELDON5_20250710_045700.wav,20250710
1506,1509,Geothlypis trichas,Common Yellowthroat,0.0922,D:\AcousticMonitoringData\ELDON5_Data\Week26\ELDON5_20250710_045700.wav,20250710
1506,1509,Spizella pusilla,Field Sparrow,0.0721,D:\AcousticMonitoringData\ELDON5_Data\Week26\ELDON5_20250710_045700.wav,20250710
1506,1509,Passerina caerulea,Blue Grosbeak,0.0562,D:\AcousticMonitoringData\ELDON5_Data\Week26\ELDON5_20250710_045700.wav,20250710
1509,1512,Geothlypis trichas,Common Yellowthroat,0.0915,D:\AcousticMonitoringData\ELDON5_Data\Week26\ELDON5_20250710_045700.wav,20250710
1512,1515,Passerina caerulea,Blue Grosbeak,0.1743,D:\AcousticMonitoringData\ELDON5_Data\Week26\ELDON5_20250710_045700.wav,20250710
1515,1518,Geothlypis trichas,Common Yellowthroat,0.1538,D:\AcousticMonitoringData\ELDON5_Data\Week26\ELDON5_20250710_045700.wav,20250710
1518,1521,Geothlypis trichas,Common Yellowthroat,0.0528,D:\AcousticMonitoringData\ELDON5_Data\Week26\ELDON5_20250710_045700.wav,20250710
1521,1524,Geothlypis trichas,Common Yellowthroat,0.0572,D:\AcousticMonitoringData\ELDON5_Data\Week26\ELDON5_20250710_045700.wav,20250710
1524,1527,Passerina caerulea,Blue Grosbeak,0.1007,D:\AcousticMonitoringData\ELDON5_Data\Week26\ELDON5_20250710_045700.wav,20250710
1527,1530,Passerina caerulea,Blue Grosbeak,0.052,D:\AcousticMonitoringData\ELDON5_Data\Week26\ELDON5_20250710_045700.wav,20250710
1530,1533,Geothlypis trichas,Common Yellowthroat,0.0511,D:\AcousticMonitoringData\ELDON5_Data\Week26\ELDON5_20250710_045700.wav,20250710
1533,1536,Passerina caerulea,Blue Grosbeak,0.0661,D:\AcousticMonitoringData\ELDON5_Data\Week26\ELDON5_20250710_045700.wav,20250710
1536,1539,Passerina caerulea,Blue Grosbeak,0.0715,D:\AcousticMonitoringData\ELDON5_Data\Week26\ELDON5_20250710_045700.wav,20250710
1542,1545,Geothlypis trichas,Common Yellowthroat,0.1019,D:\AcousticMonitoringData\ELDON5_Data\Week26\ELDON5_20250710_045700.wav,20250710
1545,1548,Passerina caerulea,Blue Grosbeak,0.0559,D:\AcousticMonitoringData\ELDON5_Data\Week26\ELDON5_20250710_045700.wav,20250710
1548,1551,Passerina caerulea,Blue Grosbeak,0.1345,D:\AcousticMonitoringData\ELDON5_Data\Week26\ELDON5_20250710_045700.wav,20250710
1554,1557,Spizella pusilla,Field Sparrow,0.1066,D:\AcousticMonitoringData\ELDON5_Data\Week26\ELDON5_20250710_045700.wav,20250710
1554,1557,Passerina caerulea,Blue Grosbeak,0.0637,D:\AcousticMonitoringData\ELDON5_Data\Week26\ELDON5_20250710_045700.wav,20250710
1557,1560,Passerina caerulea,Blue Grosbeak,0.1098,D:\AcousticMonitoringData\ELDON5_Data\Week26\ELDON5_20250710_045700.wav,20250710
1563,1566,Geothlypis trichas,Common Yellowthroat,0.082,D:\AcousticMonitoringData\ELDON5_Data\Week26\ELDON5_20250710_045700.wav,20250710
1566,1569,Geothlypis trichas,Common Yellowthroat,0.3016,D:\AcousticMonitoringData\ELDON5_Data\Week26\ELDON5_20250710_045700.wav,20250710
1569,1572,Passerina caerulea,Blue Grosbeak,0.0807,D:\AcousticMonitoringData\ELDON5_Data\Week26\ELDON5_20250710_045700.wav,20250710
1575,1578,Passerina caerulea,Blue Grosbeak,0.0501,D:\AcousticMonitoringData\ELDON5_Data\Week26\ELDON5_20250710_045700.wav,20250710
1578,1581,Passerina caerulea,Blue Grosbeak,0.1679,D:\AcousticMonitoringData\ELDON5_Data\Week26\ELDON5_20250710_045700.wav,20250710
1581,1584,Passerina caerulea,Blue Grosbeak,0.08,D:\AcousticMonitoringData\ELDON5_Data\Week26\ELDON5_20250710_045700.wav,20250710
1584,1587,Spizella pusilla,Field Sparrow,0.0954,D:\AcousticMonitoringData\ELDON5_Data\Week26\ELDON5_20250710_045700.wav,20250710
1584,1587,Passerina caerulea,Blue Grosbeak,0.0752,D:\AcousticMonitoringData\ELDON5_Data\Week26\ELDON5_20250710_045700.wav,20250710
1590,1593,Passerina caerulea,Blue Grosbeak,0.0844,D:\AcousticMonitoringData\ELDON5_Data\Week26\ELDON5_20250710_045700.wav,20250710
1590,1593,Geothlypis trichas,Common Yellowthroat,0.0723,D:\AcousticMonitoringData\ELDON5_Data\Week26\ELDON5_20250710_045700.wav,20250710
1593,1596,Passerina caerulea,Blue Grosbeak,0.1327,D:\AcousticMonitoringData\ELDON5_Data\Week26\ELDON5_20250710_045700.wav,20250710
1596,1599,Passerina caerulea,Blue Grosbeak,0.07,D:\AcousticMonitoringData\ELDON5_Data\Week26\ELDON5_20250710_045700.wav,20250710
1596,1599,Spizella pusilla,Field Sparrow,0.0644,D:\AcousticMonitoringData\ELDON5_Data\Week26\ELDON5_20250710_045700.wav,20250710
1599,1602,Geothlypis trichas,Common Yellowthroat,0.1193,D:\AcousticMonitoringData\ELDON5_Data\Week26\ELDON5_20250710_045700.wav,20250710
1602,1605,Passerina caerulea,Blue Grosbeak,0.0636,D:\AcousticMonitoringData\ELDON5_Data\Week26\ELDON5_20250710_045700.wav,20250710
1611,1614,Passerina caerulea,Blue Grosbeak,0.1094,D:\AcousticMonitoringData\ELDON5_Data\Week26\ELDON5_20250710_045700.wav,20250710
1611,1614,Spizella pusilla,Field Sparrow,0.0764,D:\AcousticMonitoringData\ELDON5_Data\Week26\ELDON5_20250710_045700.wav,20250710
1611,1614,Geothlypis trichas,Common Yellowthroat,0.0668,D:\AcousticMonitoringData\ELDON5_Data\Week26\ELDON5_20250710_045700.wav,20250710
1614,1617,Passerina caerulea,Blue Grosbeak,0.0602,D:\AcousticMonitoringData\ELDON5_Data\Week26\ELDON5_20250710_045700.wav,20250710
1617,1620,Geothlypis trichas,Common Yellowthroat,0.0626,D:\AcousticMonitoringData\ELDON5_Data\Week26\ELDON5_20250710_045700.wav,20250710
1620,1623,Geothlypis trichas,Common Yellowthroat,0.0708,D:\AcousticMonitoringData\ELDON5_Data\Week26\ELDON5_20250710_045700.wav,20250710
1623,1626,Passerina caerulea,Blue Grosbeak,0.1516,D:\AcousticMonitoringData\ELDON5_Data\Week26\ELDON5_20250710_045700.wav,20250710
1623,1626,Spizella pusilla,Field Sparrow,0.0504,D:\AcousticMonitoringData\ELDON5_Data\Week26\ELDON5_20250710_045700.wav,20250710
1626,1629,Passerina caerulea,Blue Grosbeak,0.1008,D:\AcousticMonitoringData\ELDON5_Data\Week26\ELDON5_20250710_045700.wav,20250710
1626,1629,Geothlypis trichas,Common Yellowthroat,0.0683,D:\AcousticMonitoringData\ELDON5_Data\Week26\ELDON5_20250710_045700.wav,20250710
1629,1632,Geothlypis trichas,Common Yellowthroat,0.1192,D:\AcousticMonitoringData\ELDON5_Data\Week26\ELDON5_20250710_045700.wav,20250710
1629,1632,Spizella pusilla,Field Sparrow,0.0556,D:\AcousticMonitoringData\ELDON5_Data\Week26\ELDON5_20250710_045700.wav,20250710
1635,1638,Passerina caerulea,Blue Grosbeak,0.1139,D:\AcousticMonitoringData\ELDON5_Data\Week26\ELDON5_20250710_045700.wav,20250710
1635,1638,Geothlypis trichas,Common Yellowthroat,0.062,D:\AcousticMonitoringData\ELDON5_Data\Week26\ELDON5_20250710_045700.wav,20250710
1638,1641,Passerina caerulea,Blue Grosbeak,0.1047,D:\AcousticMonitoringData\ELDON5_Data\Week26\ELDON5_20250710_045700.wav,20250710
1638,1641,Geothlypis trichas,Common Yellowthroat,0.0845,D:\AcousticMonitoringData\ELDON5_Data\Week26\ELDON5_20250710_045700.wav,20250710
1638,1641,Spizella pusilla,Field Sparrow,0.0608,D:\AcousticMonitoringData\ELDON5_Data\Week26\ELDON5_20250710_045700.wav,20250710
1641,1644,Passerina caerulea,Blue Grosbeak,0.0566,D:\AcousticMonitoringData\ELDON5_Data\Week26\ELDON5_20250710_045700.wav,20250710
1644,1647,Geothlypis trichas,Common Yellowthroat,0.0889,D:\AcousticMonitoringData\ELDON5_Data\Week26\ELDON5_20250710_045700.wav,20250710
1644,1647,Passerina caerulea,Blue Grosbeak,0.0831,D:\AcousticMonitoringData\ELDON5_Data\Week26\ELDON5_20250710_045700.wav,20250710
1653,1656,Spizella pusilla,Field Sparrow,0.1075,D:\AcousticMonitoringData\ELDON5_Data\Week26\ELDON5_20250710_045700.wav,20250710
1653,1656,Sturnella magna,Eastern Meadowlark,0.0642,D:\AcousticMonitoringData\ELDON5_Data\Week26\ELDON5_20250710_045700.wav,20250710
1656,1659,Geothlypis trichas,Common Yellowthroat,0.1265,D:\AcousticMonitoringData\ELDON5_Data\Week26\ELDON5_20250710_045700.wav,20250710
1656,1659,Spizella pusilla,Field Sparrow,0.0628,D:\AcousticMonitoringData\ELDON5_Data\Week26\ELDON5_20250710_045700.wav,20250710
1659,1662,Passerina caerulea,Blue Grosbeak,0.1176,D:\AcousticMonitoringData\ELDON5_Data\Week26\ELDON5_20250710_045700.wav,20250710
1662,1665,Spizella pusilla,Field Sparrow,0.1122,D:\AcousticMonitoringData\ELDON5_Data\Week26\ELDON5_20250710_045700.wav,20250710
1665,1668,Geothlypis trichas,Common Yellowthroat,0.0903,D:\AcousticMonitoringData\ELDON5_Data\Week26\ELDON5_20250710_045700.wav,20250710
1668,1671,Passerina caerulea,Blue Grosbeak,0.0872,D:\AcousticMonitoringData\ELDON5_Data\Week26\ELDON5_20250710_045700.wav,20250710
1671,1674,Passerina caerulea,Blue Grosbeak,0.0721,D:\AcousticMonitoringData\ELDON5_Data\Week26\ELDON5_20250710_045700.wav,20250710
1671,1674,Spizella pusilla,Field Sparrow,0.0569,D:\AcousticMonitoringData\ELDON5_Data\Week26\ELDON5_20250710_045700.wav,20250710
1674,1677,Geothlypis trichas,Common Yellowthroat,0.1691,D:\AcousticMonitoringData\ELDON5_Data\Week26\ELDON5_20250710_045700.wav,20250710
1674,1677,Spizella pusilla,Field Sparrow,0.0701,D:\AcousticMonitoringData\ELDON5_Data\Week26\ELDON5_20250710_045700.wav,20250710
1674,1677,Passerina caerulea,Blue Grosbeak,0.069,D:\AcousticMonitoringData\ELDON5_Data\Week26\ELDON5_20250710_045700.wav,20250710
1677,1680,Passerina caerulea,Blue Grosbeak,0.0933,D:\AcousticMonitoringData\ELDON5_Data\Week26\ELDON5_20250710_045700.wav,20250710
1680,1683,Spizella pusilla,Field Sparrow,0.0646,D:\AcousticMonitoringData\ELDON5_Data\Week26\ELDON5_20250710_045700.wav,20250710
1680,1683,Passerina caerulea,Blue Grosbeak,0.0575,D:\AcousticMonitoringData\ELDON5_Data\Week26\ELDON5_20250710_045700.wav,20250710
1683,1686,Spizella pusilla,Field Sparrow,0.0945,D:\AcousticMonitoringData\ELDON5_Data\Week26\ELDON5_20250710_045700.wav,20250710
1683,1686,Passerina caerulea,Blue Grosbeak,0.0602,D:\AcousticMonitoringData\ELDON5_Data\Week26\ELDON5_20250710_045700.wav,20250710
1686,1689,Geothlypis trichas,Common Yellowthroat,0.1069,D:\AcousticMonitoringData\ELDON5_Data\Week26\ELDON5_20250710_045700.wav,20250710
1689,1692,Passerina caerulea,Blue Grosbeak,0.1427,D:\AcousticMonitoringData\ELDON5_Data\Week26\ELDON5_20250710_045700.wav,20250710
1692,1695,Passerina caerulea,Blue Grosbeak,0.1258,D:\AcousticMonitoringData\ELDON5_Data\Week26\ELDON5_20250710_045700.wav,20250710
1692,1695,Sturnella magna,Eastern Meadowlark,0.0834,D:\AcousticMonitoringData\ELDON5_Data\Week26\ELDON5_20250710_045700.wav,20250710
1695,1698,Geothlypis trichas,Common Yellowthroat,0.1812,D:\AcousticMonitoringData\ELDON5_Data\Week26\ELDON5_20250710_045700.wav,20250710
1695,1698,Spizella pusilla,Field Sparrow,0.0629,D:\AcousticMonitoringData\ELDON5_Data\Week26\ELDON5_20250710_045700.wav,20250710
1698,1701,Geothlypis trichas,Common Yellowthroat,0.0893,D:\AcousticMonitoringData\ELDON5_Data\Week26\ELDON5_20250710_045700.wav,20250710
1698,1701,Passerina caerulea,Blue Grosbeak,0.0613,D:\AcousticMonitoringData\ELDON5_Data\Week26\ELDON5_20250710_045700.wav,20250710
1701,1704,Passerina caerulea,Blue Grosbeak,0.1094,D:\AcousticMonitoringData\ELDON5_Data\Week26\ELDON5_20250710_045700.wav,20250710
1701,1704,Spizella pusilla,Field Sparrow,0.0803,D:\AcousticMonitoringData\ELDON5_Data\Week26\ELDON5_20250710_045700.wav,20250710
1704,1707,Spizella pusilla,Field Sparrow,0.0619,D:\AcousticMonitoringData\ELDON5_Data\Week26\ELDON5_20250710_045700.wav,20250710
1704,1707,Sturnella magna,Eastern Meadowlark,0.0578,D:\AcousticMonitoringData\ELDON5_Data\Week26\ELDON5_20250710_045700.wav,20250710
1707,1710,Geothlypis trichas,Common Yellowthroat,0.2157,D:\AcousticMonitoringData\ELDON5_Data\Week26\ELDON5_20250710_045700.wav,20250710
1710,1713,Geothlypis trichas,Common Yellowthroat,0.0687,D:\AcousticMonitoringData\ELDON5_Data\Week26\ELDON5_20250710_045700.wav,20250710
1713,1716,Passerina caerulea,Blue Grosbeak,0.2116,D:\AcousticMonitoringData\ELDON5_Data\Week26\ELDON5_20250710_045700.wav,20250710
1713,1716,Spizella pusilla,Field Sparrow,0.0792,D:\AcousticMonitoringData\ELDON5_Data\Week26\ELDON5_20250710_045700.wav,20250710
1719,1722,Geothlypis trichas,Common Yellowthroat,0.0897,D:\AcousticMonitoringData\ELDON5_Data\Week26\ELDON5_20250710_045700.wav,20250710
1725,1728,Passerina caerulea,Blue Grosbeak,0.0775,D:\AcousticMonitoringData\ELDON5_Data\Week26\ELDON5_20250710_045700.wav,20250710
1728,1731,Geothlypis trichas,Common Yellowthroat,0.0966,D:\AcousticMonitoringData\ELDON5_Data\Week26\ELDON5_20250710_045700.wav,20250710
1731,1734,Spizella pusilla,Field Sparrow,0.0661,D:\AcousticMonitoringData\ELDON5_Data\Week26\ELDON5_20250710_045700.wav,20250710
1734,1737,Passerina caerulea,Blue Grosbeak,0.0814,D:\AcousticMonitoringData\ELDON5_Data\Week26\ELDON5_20250710_045700.wav,20250710
1740,1743,Geothlypis trichas,Common Yellowthroat,0.0836,D:\AcousticMonitoringData\ELDON5_Data\Week26\ELDON5_20250710_045700.wav,20250710
1740,1743,Sturnella magna,Eastern Meadowlark,0.0612,D:\AcousticMonitoringData\ELDON5_Data\Week26\ELDON5_20250710_045700.wav,20250710
1746,1749,Geothlypis trichas,Common Yellowthroat,0.0923,D:\AcousticMonitoringData\ELDON5_Data\Week26\ELDON5_20250710_045700.wav,20250710
1746,1749,Spizella pusilla,Field Sparrow,0.0689,D:\AcousticMonitoringData\ELDON5_Data\Week26\ELDON5_20250710_045700.wav,20250710
1749,1752,Passerina caerulea,Blue Grosbeak,0.1164,D:\AcousticMonitoringData\ELDON5_Data\Week26\ELDON5_20250710_045700.wav,20250710
1752,1755,Sturnella magna,Eastern Meadowlark,0.0573,D:\AcousticMonitoringData\ELDON5_Data\Week26\ELDON5_20250710_045700.wav,20250710
1755,1758,Passerina caerulea,Blue Grosbeak,0.0834,D:\AcousticMonitoringData\ELDON5_Data\Week26\ELDON5_20250710_045700.wav,20250710
1758,1761,Passerina caerulea,Blue Grosbeak,0.0809,D:\AcousticMonitoringData\ELDON5_Data\Week26\ELDON5_20250710_045700.wav,20250710
1761,1764,Spizella pusilla,Field Sparrow,0.1027,D:\AcousticMonitoringData\ELDON5_Data\Week26\ELDON5_20250710_045700.wav,20250710
1761,1764,Passerina caerulea,Blue Grosbeak,0.0624,D:\AcousticMonitoringData\ELDON5_Data\Week26\ELDON5_20250710_045700.wav,20250710
1764,1767,Geothlypis trichas,Common Yellowthroat,0.1409,D:\AcousticMonitoringData\ELDON5_Data\Week26\ELDON5_20250710_045700.wav,20250710
1767,1770,Spizella pusilla,Field Sparrow,0.0731,D:\AcousticMonitoringData\ELDON5_Data\Week26\ELDON5_20250710_045700.wav,20250710
1767,1770,Passerina caerulea,Blue Grosbeak,0.0615,D:\AcousticMonitoringData\ELDON5_Data\Week26\ELDON5_20250710_045700.wav,20250710
1773,1776,Geothlypis trichas,Common Yellowthroat,0.196,D:\AcousticMonitoringData\ELDON5_Data\Week26\ELDON5_20250710_045700.wav,20250710
1773,1776,Passerina caerulea,Blue Grosbeak,0.0651,D:\AcousticMonitoringData\ELDON5_Data\Week26\ELDON5_20250710_045700.wav,20250710
1776,1779,Passerina caerulea,Blue Grosbeak,0.0613,D:\AcousticMonitoringData\ELDON5_Data\Week26\ELDON5_20250710_045700.wav,20250710
1779,1782,Passerina caerulea,Blue Grosbeak,0.0775,D:\AcousticMonitoringData\ELDON5_Data\Week26\ELDON5_20250710_045700.wav,20250710
1782,1785,Passerina caerulea,Blue Grosbeak,0.0669,D:\AcousticMonitoringData\ELDON5_Data\Week26\ELDON5_20250710_045700.wav,20250710
1782,1785,Spizella pusilla,Field Sparrow,0.0561,D:\AcousticMonitoringData\ELDON5_Data\Week26\ELDON5_20250710_045700.wav,20250710
1785,1788,Geothlypis trichas,Common Yellowthroat,0.1589,D:\AcousticMonitoringData\ELDON5_Data\Week26\ELDON5_20250710_045700.wav,20250710
1785,1788,Spizella pusilla,Field Sparrow,0.0527,D:\AcousticMonitoringData\ELDON5_Data\Week26\ELDON5_20250710_045700.wav,20250710
1788,1791,Passerina caerulea,Blue Grosbeak,0.0905,D:\AcousticMonitoringData\ELDON5_Data\Week26\ELDON5_20250710_045700.wav,20250710
1788,1791,Spizella pusilla,Field Sparrow,0.0722,D:\AcousticMonitoringData\ELDON5_Data\Week26\ELDON5_20250710_045700.wav,20250710
1791,1794,Passerina caerulea,Blue Grosbeak,0.0536,D:\AcousticMonitoringData\ELDON5_Data\Week26\ELDON5_20250710_045700.wav,20250710
1794,1797,Geothlypis trichas,Common Yellowthroat,0.134,D:\AcousticMonitoringData\ELDON5_Data\Week26\ELDON5_20250710_045700.wav,20250710
1797,1800,Passerina caerulea,Blue Grosbeak,0.0581,D:\AcousticMonitoringData\ELDON5_Data\Week26\ELDON5_20250710_045700.wav,20250710
1803,1806,Geothlypis trichas,Common Yellowthroat,0.1599,D:\AcousticMonitoringData\ELDON5_Data\Week26\ELDON5_20250710_045700.wav,20250710
1806,1809,Sturnella magna,Eastern Meadowlark,0.0642,D:\AcousticMonitoringData\ELDON5_Data\Week26\ELDON5_20250710_045700.wav,20250710
1815,1818,Geothlypis trichas,Common Yellowthroat,0.0765,D:\AcousticMonitoringData\ELDON5_Data\Week26\ELDON5_20250710_045700.wav,20250710
1818,1821,Passerina caerulea,Blue Grosbeak,0.0503,D:\AcousticMonitoringData\ELDON5_Data\Week26\ELDON5_20250710_045700.wav,20250710
1821,1824,Passerina caerulea,Blue Grosbeak,0.1419,D:\AcousticMonitoringData\ELDON5_Data\Week26\ELDON5_20250710_045700.wav,20250710
1824,1827,Geothlypis trichas,Common Yellowthroat,0.0945,D:\AcousticMonitoringData\ELDON5_Data\Week26\ELDON5_20250710_045700.wav,20250710
1827,1830,Passerina caerulea,Blue Grosbeak,0.058,D:\AcousticMonitoringData\ELDON5_Data\Week26\ELDON5_20250710_045700.wav,20250710
1830,1833,Passerina caerulea,Blue Grosbeak,0.0551,D:\AcousticMonitoringData\ELDON5_Data\Week26\ELDON5_20250710_045700.wav,20250710
1833,1836,Spizella pusilla,Field Sparrow,0.1029,D:\AcousticMonitoringData\ELDON5_Data\Week26\ELDON5_20250710_045700.wav,20250710
1833,1836,Passerina caerulea,Blue Grosbeak,0.051,D:\AcousticMonitoringData\ELDON5_Data\Week26\ELDON5_20250710_045700.wav,20250710
1836,1839,Geothlypis trichas,Common Yellowthroat,0.0692,D:\AcousticMonitoringData\ELDON5_Data\Week26\ELDON5_20250710_045700.wav,20250710
1842,1845,Passerina caerulea,Blue Grosbeak,0.0809,D:\AcousticMonitoringData\ELDON5_Data\Week26\ELDON5_20250710_045700.wav,20250710
1845,1848,Passerina caerulea,Blue Grosbeak,0.0732,D:\AcousticMonitoringData\ELDON5_Data\Week26\ELDON5_20250710_045700.wav,20250710
1848,1851,Spizella pusilla,Field Sparrow,0.0535,D:\AcousticMonitoringData\ELDON5_Data\Week26\ELDON5_20250710_045700.wav,20250710
1854,1857,Passerina caerulea,Blue Grosbeak,0.072,D:\AcousticMonitoringData\ELDON5_Data\Week26\ELDON5_20250710_045700.wav,20250710
1857,1860,Geothlypis trichas,Common Yellowthroat,0.076,D:\AcousticMonitoringData\ELDON5_Data\Week26\ELDON5_20250710_045700.wav,20250710
1857,1860,Passerina caerulea,Blue Grosbeak,0.0586,D:\AcousticMonitoringData\ELDON5_Data\Week26\ELDON5_20250710_045700.wav,20250710
1863,1866,Passerina caerulea,Blue Grosbeak,0.0613,D:\AcousticMonitoringData\ELDON5_Data\Week26\ELDON5_20250710_045700.wav,20250710
1866,1869,Passerina caerulea,Blue Grosbeak,0.0729,D:\AcousticMonitoringData\ELDON5_Data\Week26\ELDON5_20250710_045700.wav,20250710
1875,1878,Passerina caerulea,Blue Grosbeak,0.0683,D:\AcousticMonitoringData\ELDON5_Data\Week26\ELDON5_20250710_045700.wav,20250710
1875,1878,Spizella pusilla,Field Sparrow,0.0542,D:\AcousticMonitoringData\ELDON5_Data\Week26\ELDON5_20250710_045700.wav,20250710
1881,1884,Passerina caerulea,Blue Grosbeak,0.1353,D:\AcousticMonitoringData\ELDON5_Data\Week26\ELDON5_20250710_045700.wav,20250710
1881,1884,Spizella pusilla,Field Sparrow,0.052,D:\AcousticMonitoringData\ELDON5_Data\Week26\ELDON5_20250710_045700.wav,20250710
1890,1893,Spizella pusilla,Field Sparrow,0.0709,D:\AcousticMonitoringData\ELDON5_Data\Week26\ELDON5_20250710_045700.wav,20250710
1890,1893,Passerina caerulea,Blue Grosbeak,0.0655,D:\AcousticMonitoringData\ELDON5_Data\Week26\ELDON5_20250710_045700.wav,20250710
1911,1914,Passerina caerulea,Blue Grosbeak,0.0708,D:\AcousticMonitoringData\ELDON5_Data\Week26\ELDON5_20250710_045700.wav,20250710
1914,1917,Passerina caerulea,Blue Grosbeak,0.0661,D:\AcousticMonitoringData\ELDON5_Data\Week26\ELDON5_20250710_045700.wav,20250710
1917,1920,Passerina caerulea,Blue Grosbeak,0.0687,D:\AcousticMonitoringData\ELDON5_Data\Week26\ELDON5_20250710_045700.wav,20250710
1920,1923,Passerina caerulea,Blue Grosbeak,0.0617,D:\AcousticMonitoringData\ELDON5_Data\Week26\ELDON5_20250710_045700.wav,20250710
1923,1926,Passerina caerulea,Blue Grosbeak,0.0635,D:\AcousticMonitoringData\ELDON5_Data\Week26\ELDON5_20250710_045700.wav,20250710
1929,1932,Passerina caerulea,Blue Grosbeak,0.0508,D:\AcousticMonitoringData\ELDON5_Data\Week26\ELDON5_20250710_045700.wav,20250710
1947,1950,Geothlypis trichas,Common Yellowthroat,0.0502,D:\AcousticMonitoringData\ELDON5_Data\Week26\ELDON5_20250710_045700.wav,20250710
1950,1953,Spizella pusilla,Field Sparrow,0.0624,D:\AcousticMonitoringData\ELDON5_Data\Week26\ELDON5_20250710_045700.wav,20250710
1968,1971,Spizella pusilla,Field Sparrow,0.0649,D:\AcousticMonitoringData\ELDON5_Data\Week26\ELDON5_20250710_045700.wav,20250710
1980,1983,Passerina caerulea,Blue Grosbeak,0.0594,D:\AcousticMonitoringData\ELDON5_Data\Week26\ELDON5_20250710_045700.wav,20250710
1983,1986,Geothlypis trichas,Common Yellowthroat,0.0535,D:\AcousticMonitoringData\ELDON5_Data\Week26\ELDON5_20250710_045700.wav,20250710
1989,1992,Passerina caerulea,Blue Grosbeak,0.0521,D:\AcousticMonitoringData\ELDON5_Data\Week26\ELDON5_20250710_045700.wav,20250710
1995,1998,Passerina caerulea,Blue Grosbeak,0.0619,D:\AcousticMonitoringData\ELDON5_Data\Week26\ELDON5_20250710_045700.wav,20250710
1995,1998,Spizella pusilla,Field Sparrow,0.0501,D:\AcousticMonitoringData\ELDON5_Data\Week26\ELDON5_20250710_045700.wav,20250710
2001,2004,Passerina caerulea,Blue Grosbeak,0.0691,D:\AcousticMonitoringData\ELDON5_Data\Week26\ELDON5_20250710_045700.wav,20250710
2004,2007,Passerina caerulea,Blue Grosbeak,0.0578,D:\AcousticMonitoringData\ELDON5_Data\Week26\ELDON5_20250710_045700.wav,20250710
2013,2016,Passerina caerulea,Blue Grosbeak,0.0598,D:\AcousticMonitoringData\ELDON5_Data\Week26\ELDON5_20250710_045700.wav,20250710
2019,2022,Passerina caerulea,Blue Grosbeak,0.0677,D:\AcousticMonitoringData\ELDON5_Data\Week26\ELDON5_20250710_045700.wav,20250710
2022,2025,Passerina caerulea,Blue Grosbeak,0.05,D:\AcousticMonitoringData\ELDON5_Data\Week26\ELDON5_20250710_045700.wav,20250710
2025,2028,Geothlypis trichas,Common Yellowthroat,0.0542,D:\AcousticMonitoringData\ELDON5_Data\Week26\ELDON5_20250710_045700.wav,20250710
2040,2043,Passerina caerulea,Blue Grosbeak,0.0828,D:\AcousticMonitoringData\ELDON5_Data\Week26\ELDON5_20250710_045700.wav,20250710
2040,2043,Spizella pusilla,Field Sparrow,0.0686,D:\AcousticMonitoringData\ELDON5_Data\Week26\ELDON5_20250710_045700.wav,20250710
2058,2061,Spizella pusilla,Field Sparrow,0.0508,D:\AcousticMonitoringData\ELDON5_Data\Week26\ELDON5_20250710_045700.wav,20250710
2058,2061,Passerina caerulea,Blue Grosbeak,0.0505,D:\AcousticMonitoringData\ELDON5_Data\Week26\ELDON5_20250710_045700.wav,20250710
2157,2160,Spizella pusilla,Field Sparrow,0.0551,D:\AcousticMonitoringData\ELDON5_Data\Week26\ELDON5_20250710_045700.wav,20250710
2166,2169,Geothlypis trichas,Common Yellowthroat,0.1022,D:\AcousticMonitoringData\ELDON5_Data\Week26\ELDON5_20250710_045700.wav,20250710
2205,2208,Geothlypis trichas,Common Yellowthroat,0.0503,D:\AcousticMonitoringData\ELDON5_Data\Week26\ELDON5_20250710_045700.wav,20250710
2214,2217,Geothlypis trichas,Common Yellowthroat,0.0853,D:\AcousticMonitoringData\ELDON5_Data\Week26\ELDON5_20250710_045700.wav,20250710
2247,2250,Geothlypis trichas,Common Yellowthroat,0.2774,D:\AcousticMonitoringData\ELDON5_Data\Week26\ELDON5_20250710_045700.wav,20250710
2271,2274,Passerina caerulea,Blue Grosbeak,0.0522,D:\AcousticMonitoringData\ELDON5_Data\Week26\ELDON5_20250710_045700.wav,20250710
2274,2277,Passerina caerulea,Blue Grosbeak,0.0659,D:\AcousticMonitoringData\ELDON5_Data\Week26\ELDON5_20250710_045700.wav,20250710
2280,2283,Passerina caerulea,Blue Grosbeak,0.0831,D:\AcousticMonitoringData\ELDON5_Data\Week26\ELDON5_20250710_045700.wav,20250710
2283,2286,Geothlypis trichas,Common Yellowthroat,0.1352,D:\AcousticMonitoringData\ELDON5_Data\Week26\ELDON5_20250710_045700.wav,20250710
2292,2295,Spizella pusilla,Field Sparrow,0.0709,D:\AcousticMonitoringData\ELDON5_Data\Week26\ELDON5_20250710_045700.wav,20250710
2307,2310,Geothlypis trichas,Common Yellowthroat,0.0851,D:\AcousticMonitoringData\ELDON5_Data\Week26\ELDON5_20250710_045700.wav,20250710
2316,2319,Geothlypis trichas,Common Yellowthroat,0.185,D:\AcousticMonitoringData\ELDON5_Data\Week26\ELDON5_20250710_045700.wav,20250710
2325,2328,Geothlypis trichas,Common Yellowthroat,0.083,D:\AcousticMonitoringData\ELDON5_Data\Week26\ELDON5_20250710_045700.wav,20250710
2340,2343,Passerina caerulea,Blue Grosbeak,0.1632,D:\AcousticMonitoringData\ELDON5_Data\Week26\ELDON5_20250710_045700.wav,20250710
2349,2352,Passerina caerulea,Blue Grosbeak,0.0681,D:\AcousticMonitoringData\ELDON5_Data\Week26\ELDON5_20250710_045700.wav,20250710
2367,2370,Geothlypis trichas,Common Yellowthroat,0.052,D:\AcousticMonitoringData\ELDON5_Data\Week26\ELDON5_20250710_045700.wav,20250710
2376,2379,Passerina caerulea,Blue Grosbeak,0.0813,D:\AcousticMonitoringData\ELDON5_Data\Week26\ELDON5_20250710_045700.wav,20250710
2385,2388,Passerina caerulea,Blue Grosbeak,0.1156,D:\AcousticMonitoringData\ELDON5_Data\Week26\ELDON5_20250710_045700.wav,20250710
2397,2400,Passerina caerulea,Blue Grosbeak,0.0502,D:\AcousticMonitoringData\ELDON5_Data\Week26\ELDON5_20250710_045700.wav,20250710
2403,2406,Passerina caerulea,Blue Grosbeak,0.0526,D:\AcousticMonitoringData\ELDON5_Data\Week26\ELDON5_20250710_045700.wav,20250710
2421,2424,Passerina caerulea,Blue Grosbeak,0.056,D:\AcousticMonitoringData\ELDON5_Data\Week26\ELDON5_20250710_045700.wav,20250710
2433,2436,Geothlypis trichas,Common Yellowthroat,0.1208,D:\AcousticMonitoringData\ELDON5_Data\Week26\ELDON5_20250710_045700.wav,20250710
2439,2442,Passerina caerulea,Blue Grosbeak,0.0947,D:\AcousticMonitoringData\ELDON5_Data\Week26\ELDON5_20250710_045700.wav,20250710
2442,2445,Geothlypis trichas,Common Yellowthroat,0.1223,D:\AcousticMonitoringData\ELDON5_Data\Week26\ELDON5_20250710_045700.wav,20250710
2451,2454,Geothlypis trichas,Common Yellowthroat,0.0604,D:\AcousticMonitoringData\ELDON5_Data\Week26\ELDON5_20250710_045700.wav,20250710
2460,2463,Passerina caerulea,Blue Grosbeak,0.0977,D:\AcousticMonitoringData\ELDON5_Data\Week26\ELDON5_20250710_045700.wav,20250710
2460,2463,Geothlypis trichas,Common Yellowthroat,0.0713,D:\AcousticMonitoringData\ELDON5_Data\Week26\ELDON5_20250710_045700.wav,20250710
2478,2481,Sturnella magna,Eastern Meadowlark,0.0592,D:\AcousticMonitoringData\ELDON5_Data\Week26\ELDON5_20250710_045700.wav,20250710
2481,2484,Geothlypis trichas,Common Yellowthroat,0.1231,D:\AcousticMonitoringData\ELDON5_Data\Week26\ELDON5_20250710_045700.wav,20250710
2490,2493,Geothlypis trichas,Common Yellowthroat,0.1112,D:\AcousticMonitoringData\ELDON5_Data\Week26\ELDON5_20250710_045700.wav,20250710
2490,2493,Spizella pusilla,Field Sparrow,0.0666,D:\AcousticMonitoringData\ELDON5_Data\Week26\ELDON5_20250710_045700.wav,20250710
2490,2493,Passerina caerulea,Blue Grosbeak,0.0568,D:\AcousticMonitoringData\ELDON5_Data\Week26\ELDON5_20250710_045700.wav,20250710
2499,2502,Geothlypis trichas,Common Yellowthroat,0.0653,D:\AcousticMonitoringData\ELDON5_Data\Week26\ELDON5_20250710_045700.wav,20250710
2514,2517,Passerina caerulea,Blue Grosbeak,0.1678,D:\AcousticMonitoringData\ELDON5_Data\Week26\ELDON5_20250710_045700.wav,20250710
2535,2538,Geothlypis trichas,Common Yellowthroat,0.5272,D:\AcousticMonitoringData\ELDON5_Data\Week26\ELDON5_20250710_045700.wav,20250710
2541,2544,Passerina caerulea,Blue Grosbeak,0.0759,D:\AcousticMonitoringData\ELDON5_Data\Week26\ELDON5_20250710_045700.wav,20250710
2583,2586,Geothlypis trichas,Common Yellowthroat,0.0599,D:\AcousticMonitoringData\ELDON5_Data\Week26\ELDON5_20250710_045700.wav,20250710
2601,2604,Spizella pusilla,Field Sparrow,0.0623,D:\AcousticMonitoringData\ELDON5_Data\Week26\ELDON5_20250710_045700.wav,20250710
2610,2613,Sturnella magna,Eastern Meadowlark,0.2471,D:\AcousticMonitoringData\ELDON5_Data\Week26\ELDON5_20250710_045700.wav,20250710
2628,2631,Geothlypis trichas,Common Yellowthroat,0.1105,D:\AcousticMonitoringData\ELDON5_Data\Week26\ELDON5_20250710_045700.wav,20250710
2637,2640,Passerina caerulea,Blue Grosbeak,0.0684,D:\AcousticMonitoringData\ELDON5_Data\Week26\ELDON5_20250710_045700.wav,20250710
2646,2649,Spizella pusilla,Field Sparrow,0.0554,D:\AcousticMonitoringData\ELDON5_Data\Week26\ELDON5_20250710_045700.wav,20250710
2658,2661,Geothlypis trichas,Common Yellowthroat,0.3105,D:\AcousticMonitoringData\ELDON5_Data\Week26\ELDON5_20250710_045700.wav,20250710
2667,2670,Passerina caerulea,Blue Grosbeak,0.0619,D:\AcousticMonitoringData\ELDON5_Data\Week26\ELDON5_20250710_045700.wav,20250710
2667,2670,Spizella pusilla,Field Sparrow,0.0556,D:\AcousticMonitoringData\ELDON5_Data\Week26\ELDON5_20250710_045700.wav,20250710
2673,2676,Passerina caerulea,Blue Grosbeak,0.0509,D:\AcousticMonitoringData\ELDON5_Data\Week26\ELDON5_20250710_045700.wav,20250710
2676,2679,Passerina caerulea,Blue Grosbeak,0.1325,D:\AcousticMonitoringData\ELDON5_Data\Week26\ELDON5_20250710_045700.wav,20250710
2679,2682,Geothlypis trichas,Common Yellowthroat,0.0581,D:\AcousticMonitoringData\ELDON5_Data\Week26\ELDON5_20250710_045700.wav,20250710
2682,2685,Passerina caerulea,Blue Grosbeak,0.0552,D:\AcousticMonitoringData\ELDON5_Data\Week26\ELDON5_20250710_045700.wav,20250710
2697,2700,Passerina caerulea,Blue Grosbeak,0.0681,D:\AcousticMonitoringData\ELDON5_Data\Week26\ELDON5_20250710_045700.wav,20250710
2712,2715,Passerina caerulea,Blue Grosbeak,0.0716,D:\AcousticMonitoringData\ELDON5_Data\Week26\ELDON5_20250710_045700.wav,20250710
2745,2748,Passerina caerulea,Blue Grosbeak,0.086,D:\AcousticMonitoringData\ELDON5_Data\Week26\ELDON5_20250710_045700.wav,20250710
2769,2772,Geothlypis trichas,Common Yellowthroat,0.0698,D:\AcousticMonitoringData\ELDON5_Data\Week26\ELDON5_20250710_045700.wav,20250710
2775,2778,Passerina caerulea,Blue Grosbeak,0.0709,D:\AcousticMonitoringData\ELDON5_Data\Week26\ELDON5_20250710_045700.wav,20250710
2784,2787,Passerina caerulea,Blue Grosbeak,0.0612,D:\AcousticMonitoringData\ELDON5_Data\Week26\ELDON5_20250710_045700.wav,20250710
2793,2796,Passerina caerulea,Blue Grosbeak,0.2017,D:\AcousticMonitoringData\ELDON5_Data\Week26\ELDON5_20250710_045700.wav,20250710
2829,2832,Geothlypis trichas,Common Yellowthroat,0.064,D:\AcousticMonitoringData\ELDON5_Data\Week26\ELDON5_20250710_045700.wav,20250710
2835,2838,Passerina caerulea,Blue Grosbeak,0.1093,D:\AcousticMonitoringData\ELDON5_Data\Week26\ELDON5_20250710_045700.wav,20250710
2853,2856,Passerina caerulea,Blue Grosbeak,0.0644,D:\AcousticMonitoringData\ELDON5_Data\Week26\ELDON5_20250710_045700.wav,20250710
2868,2871,Passerina caerulea,Blue Grosbeak,0.0543,D:\AcousticMonitoringData\ELDON5_Data\Week26\ELDON5_20250710_045700.wav,20250710
2880,2883,Geothlypis trichas,Common Yellowthroat,0.0623,D:\AcousticMonitoringData\ELDON5_Data\Week26\ELDON5_20250710_045700.wav,20250710
2904,2907,Passerina caerulea,Blue Grosbeak,0.1187,D:\AcousticMonitoringData\ELDON5_Data\Week26\ELDON5_20250710_045700.wav,20250710
2919,2922,Geothlypis trichas,Common Yellowthroat,0.1187,D:\AcousticMonitoringData\ELDON5_Data\Week26\ELDON5_20250710_045700.wav,20250710
2940,2943,Passerina caerulea,Blue Grosbeak,0.0836,D:\AcousticMonitoringData\ELDON5_Data\Week26\ELDON5_20250710_045700.wav,20250710
2943,2946,Spizella pusilla,Field Sparrow,0.0529,D:\AcousticMonitoringData\ELDON5_Data\Week26\ELDON5_20250710_045700.wav,20250710
2955,2958,Passerina caerulea,Blue Grosbeak,0.0547,D:\AcousticMonitoringData\ELDON5_Data\Week26\ELDON5_20250710_045700.wav,20250710
2958,2961,Passerina caerulea,Blue Grosbeak,0.0551,D:\AcousticMonitoringData\ELDON5_Data\Week26\ELDON5_20250710_045700.wav,20250710
2961,2964,Geothlypis trichas,Common Yellowthroat,0.0667,D:\AcousticMonitoringData\ELDON5_Data\Week26\ELDON5_20250710_045700.wav,20250710
2973,2976,Spizella pusilla,Field Sparrow,0.0566,D:\AcousticMonitoringData\ELDON5_Data\Week26\ELDON5_20250710_045700.wav,20250710
2985,2988,Sturnella magna,Eastern Meadowlark,0.0506,D:\AcousticMonitoringData\ELDON5_Data\Week26\ELDON5_20250710_045700.wav,20250710
2997,3000,Passerina caerulea,Blue Grosbeak,0.0715,D:\AcousticMonitoringData\ELDON5_Data\Week26\ELDON5_20250710_045700.wav,20250710
3000,3003,Spizella pusilla,Field Sparrow,0.0625,D:\AcousticMonitoringData\ELDON5_Data\Week26\ELDON5_20250710_045700.wav,20250710
3006,3009,Passerina caerulea,Blue Grosbeak,0.0574,D:\AcousticMonitoringData\ELDON5_Data\Week26\ELDON5_20250710_045700.wav,20250710
3009,3012,Passerina caerulea,Blue Grosbeak,0.0654,D:\AcousticMonitoringData\ELDON5_Data\Week26\ELDON5_20250710_045700.wav,20250710
3015,3018,Passerina caerulea,Blue Grosbeak,0.0515,D:\AcousticMonitoringData\ELDON5_Data\Week26\ELDON5_20250710_045700.wav,20250710
3018,3021,Passerina caerulea,Blue Grosbeak,0.0935,D:\AcousticMonitoringData\ELDON5_Data\Week26\ELDON5_20250710_045700.wav,20250710
3021,3024,Passerina caerulea,Blue Grosbeak,0.0567,D:\AcousticMonitoringData\ELDON5_Data\Week26\ELDON5_20250710_045700.wav,20250710
3030,3033,Passerina caerulea,Blue Grosbeak,0.0635,D:\AcousticMonitoringData\ELDON5_Data\Week26\ELDON5_20250710_045700.wav,20250710
3033,3036,Passerina caerulea,Blue Grosbeak,0.0541,D:\AcousticMonitoringData\ELDON5_Data\Week26\ELDON5_20250710_045700.wav,20250710
3036,3039,Passerina caerulea,Blue Grosbeak,0.067,D:\AcousticMonitoringData\ELDON5_Data\Week26\ELDON5_20250710_045700.wav,20250710
3039,3042,Passerina caerulea,Blue Grosbeak,0.0798,D:\AcousticMonitoringData\ELDON5_Data\Week26\ELDON5_20250710_045700.wav,20250710
3039,3042,Geothlypis trichas,Common Yellowthroat,0.0555,D:\AcousticMonitoringData\ELDON5_Data\Week26\ELDON5_20250710_045700.wav,20250710
3042,3045,Spizella pusilla,Field Sparrow,0.1086,D:\AcousticMonitoringData\ELDON5_Data\Week26\ELDON5_20250710_045700.wav,20250710
3042,3045,Passerina caerulea,Blue Grosbeak,0.0713,D:\AcousticMonitoringData\ELDON5_Data\Week26\ELDON5_20250710_045700.wav,20250710
3045,3048,Spizella pusilla,Field Sparrow,0.0594,D:\AcousticMonitoringData\ELDON5_Data\Week26\ELDON5_20250710_045700.wav,20250710
3048,3051,Passerina caerulea,Blue Grosbeak,0.0788,D:\AcousticMonitoringData\ELDON5_Data\Week26\ELDON5_20250710_045700.wav,20250710
3054,3057,Passerina caerulea,Blue Grosbeak,0.0883,D:\AcousticMonitoringData\ELDON5_Data\Week26\ELDON5_20250710_045700.wav,20250710
3084,3087,Geothlypis trichas,Common Yellowthroat,0.0567,D:\AcousticMonitoringData\ELDON5_Data\Week26\ELDON5_20250710_045700.wav,20250710
3102,3105,Sturnella magna,Eastern Meadowlark,0.098,D:\AcousticMonitoringData\ELDON5_Data\Week26\ELDON5_20250710_045700.wav,20250710
3114,3117,Passerina caerulea,Blue Grosbeak,0.0507,D:\AcousticMonitoringData\ELDON5_Data\Week26\ELDON5_20250710_045700.wav,20250710
3123,3126,Passerina caerulea,Blue Grosbeak,0.0622,D:\AcousticMonitoringData\ELDON5_Data\Week26\ELDON5_20250710_045700.wav,20250710
3141,3144,Passerina caerulea,Blue Grosbeak,0.1058,D:\AcousticMonitoringData\ELDON5_Data\Week26\ELDON5_20250710_045700.wav,20250710
3150,3153,Passerina caerulea,Blue Grosbeak,0.0534,D:\AcousticMonitoringData\ELDON5_Data\Week26\ELDON5_20250710_045700.wav,20250710
3156,3159,Passerina caerulea,Blue Grosbeak,0.0529,D:\AcousticMonitoringData\ELDON5_Data\Week26\ELDON5_20250710_045700.wav,20250710
3174,3177,Passerina caerulea,Blue Grosbeak,0.0888,D:\AcousticMonitoringData\ELDON5_Data\Week26\ELDON5_20250710_045700.wav,20250710
3192,3195,Passerina caerulea,Blue Grosbeak,0.0874,D:\AcousticMonitoringData\ELDON5_Data\Week26\ELDON5_20250710_045700.wav,20250710
3195,3198,Passerina caerulea,Blue Grosbeak,0.1228,D:\AcousticMonitoringData\ELDON5_Data\Week26\ELDON5_20250710_045700.wav,20250710
3198,3201,Passerina caerulea,Blue Grosbeak,0.0718,D:\AcousticMonitoringData\ELDON5_Data\Week26\ELDON5_20250710_045700.wav,20250710
3198,3201,Spizella pusilla,Field Sparrow,0.0529,D:\AcousticMonitoringData\ELDON5_Data\Week26\ELDON5_20250710_045700.wav,20250710
3207,3210,Passerina caerulea,Blue Grosbeak,0.1328,D:\AcousticMonitoringData\ELDON5_Data\Week26\ELDON5_20250710_045700.wav,20250710
3222,3225,Passerina caerulea,Blue Grosbeak,0.1351,D:\AcousticMonitoringData\ELDON5_Data\Week26\ELDON5_20250710_045700.wav,20250710
3231,3234,Sturnella magna,Eastern Meadowlark,0.1716,D:\AcousticMonitoringData\ELDON5_Data\Week26\ELDON5_20250710_045700.wav,20250710
3249,3252,Geothlypis trichas,Common Yellowthroat,0.0725,D:\AcousticMonitoringData\ELDON5_Data\Week26\ELDON5_20250710_045700.wav,20250710
3249,3252,Passerina caerulea,Blue Grosbeak,0.0578,D:\AcousticMonitoringData\ELDON5_Data\Week26\ELDON5_20250710_045700.wav,20250710
3276,3279,Passerina caerulea,Blue Grosbeak,0.0699,D:\AcousticMonitoringData\ELDON5_Data\Week26\ELDON5_20250710_045700.wav,20250710
3285,3288,Geothlypis trichas,Common Yellowthroat,0.2758,D:\AcousticMonitoringData\ELDON5_Data\Week26\ELDON5_20250710_045700.wav,20250710
3300,3303,Passerina caerulea,Blue Grosbeak,0.1026,D:\AcousticMonitoringData\ELDON5_Data\Week26\ELDON5_20250710_045700.wav,20250710
3336,3339,Passerina caerulea,Blue Grosbeak,0.123,D:\AcousticMonitoringData\ELDON5_Data\Week26\ELDON5_20250710_045700.wav,20250710
3345,3348,Passerina caerulea,Blue Grosbeak,0.1262,D:\AcousticMonitoringData\ELDON5_Data\Week26\ELDON5_20250710_045700.wav,20250710
3348,3351,Passerina caerulea,Blue Grosbeak,0.1189,D:\AcousticMonitoringData\ELDON5_Data\Week26\ELDON5_20250710_045700.wav,20250710
3357,3360,Passerina caerulea,Blue Grosbeak,0.0671,D:\AcousticMonitoringData\ELDON5_Data\Week26\ELDON5_20250710_045700.wav,20250710
3357,3360,Spizella pusilla,Field Sparrow,0.0514,D:\AcousticMonitoringData\ELDON5_Data\Week26\ELDON5_20250710_045700.wav,20250710
3375,3378,Passerina caerulea,Blue Grosbeak,0.062,D:\AcousticMonitoringData\ELDON5_Data\Week26\ELDON5_20250710_045700.wav,20250710
3378,3381,Geothlypis trichas,Common Yellowthroat,0.088,D:\AcousticMonitoringData\ELDON5_Data\Week26\ELDON5_20250710_045700.wav,20250710
3390,3393,Passerina caerulea,Blue Grosbeak,0.0662,D:\AcousticMonitoringData\ELDON5_Data\Week26\ELDON5_20250710_045700.wav,20250710
3390,3393,Spizella pusilla,Field Sparrow,0.0524,D:\AcousticMonitoringData\ELDON5_Data\Week26\ELDON5_20250710_045700.wav,20250710
3399,3402,Passerina caerulea,Blue Grosbeak,0.0645,D:\AcousticMonitoringData\ELDON5_Data\Week26\ELDON5_20250710_045700.wav,20250710
3399,3402,Geothlypis trichas,Common Yellowthroat,0.0597,D:\AcousticMonitoringData\ELDON5_Data\Week26\ELDON5_20250710_045700.wav,20250710
3411,3414,Geothlypis trichas,Common Yellowthroat,0.1135,D:\AcousticMonitoringData\ELDON5_Data\Week26\ELDON5_20250710_045700.wav,20250710
3420,3423,Geothlypis trichas,Common Yellowthroat,0.0587,D:\AcousticMonitoringData\ELDON5_Data\Week26\ELDON5_20250710_045700.wav,20250710
3420,3423,Passerina caerulea,Blue Grosbeak,0.0509,D:\AcousticMonitoringData\ELDON5_Data\Week26\ELDON5_20250710_045700.wav,20250710
3438,3441,Passerina caerulea,Blue Grosbeak,0.6152,D:\AcousticMonitoringData\ELDON5_Data\Week26\ELDON5_20250710_045700.wav,20250710
3447,3450,Passerina caerulea,Blue Grosbeak,0.0847,D:\AcousticMonitoringData\ELDON5_Data\Week26\ELDON5_20250710_045700.wav,20250710
3477,3480,Geothlypis trichas,Common Yellowthroat,0.1333,D:\AcousticMonitoringData\ELDON5_Data\Week26\ELDON5_20250710_045700.wav,20250710
3486,3489,Passerina caerulea,Blue Grosbeak,0.0685,D:\AcousticMonitoringData\ELDON5_Data\Week26\ELDON5_20250710_045700.wav,20250710
3486,3489,Spizella pusilla,Field Sparrow,0.0646,D:\AcousticMonitoringData\ELDON5_Data\Week26\ELDON5_20250710_045700.wav,20250710
3513,3516,Passerina caerulea,Blue Grosbeak,0.0523,D:\AcousticMonitoringData\ELDON5_Data\Week26\ELDON5_20250710_045700.wav,20250710
3525,3528,Geothlypis trichas,Common Yellowthroat,0.1622,D:\AcousticMonitoringData\ELDON5_Data\Week26\ELDON5_20250710_045700.wav,20250710
3534,3537,Geothlypis trichas,Common Yellowthroat,0.055,D:\AcousticMonitoringData\ELDON5_Data\Week26\ELDON5_20250710_045700.wav,20250710
3537,3540,Spizella pusilla,Field Sparrow,0.0553,D:\AcousticMonitoringData\ELDON5_Data\Week26\ELDON5_20250710_045700.wav,20250710
3537,3540,Geothlypis trichas,Common Yellowthroat,0.0514,D:\AcousticMonitoringData\ELDON5_Data\Week26\ELDON5_20250710_045700.wav,20250710
3540,3543,Spizella pusilla,Field Sparrow,0.0538,D:\AcousticMonitoringData\ELDON5_Data\Week26\ELDON5_20250710_045700.wav,20250710
3549,3552,Passerina caerulea,Blue Grosbeak,0.059,D:\AcousticMonitoringData\ELDON5_Data\Week26\ELDON5_20250710_045700.wav,20250710
3561,3564,Passerina caerulea,Blue Grosbeak,0.0644,D:\AcousticMonitoringData\ELDON5_Data\Week26\ELDON5_20250710_045700.wav,20250710
3564,3567,Geothlypis trichas,Common Yellowthroat,0.2052,D:\AcousticMonitoringData\ELDON5_Data\Week26\ELDON5_20250710_045700.wav,20250710
3576,3579,Passerina caerulea,Blue Grosbeak,0.0516,D:\AcousticMonitoringData\ELDON5_Data\Week26\ELDON5_20250710_045700.wav,20250710
3582,3585,Geothlypis trichas,Common Yellowthroat,0.182,D:\AcousticMonitoringData\ELDON5_Data\Week26\ELDON5_20250710_045700.wav,20250710
3582,3585,Passerina caerulea,Blue Grosbeak,0.0595,D:\AcousticMonitoringData\ELDON5_Data\Week26\ELDON5_20250710_045700.wav,20250710
3591,3594,Geothlypis trichas,Common Yellowthroat,0.1217,D:\AcousticMonitoringData\ELDON5_Data\Week26\ELDON5_20250710_045700.wav,20250710
3594,3597,Geothlypis trichas,Common Yellowthroat,0.1331,D:\AcousticMonitoringData\ELDON5_Data\Week26\ELDON5_20250710_045700.wav,20250710
